,store_name,permission_date,situation,address,address_road,new_store_name,trans_ad,trans_ad_road,x,y
0,어른아이책방,2023-08-14,영업,제주특별자치도 제주시 구좌읍 동복리 1682-2,"제주특별자치도 제주시 구좌읍 일주동로 1640, 1층","어른아이책방 제주특별자치도 제주시 구좌읍 일주동로 1640, 1층",동복리 1682-2,"일주동로 1640,",126.707554522,33.552226890
1,몽탄제주점,2023-08-21,영업,제주특별자치도 제주시 구좌읍 동복리 1568-1,"제주특별자치도 제주시 구좌읍 동복로 83, 1층","몽탄제주점 제주특별자치도 제주시 구좌읍 동복로 83, 1층",동복리 1568-1,"동복로 83,",126.715045101,33.553638001
2,제주어른이집,2023-08-28,영업,제주특별자치도 제주시 구좌읍 김녕리 2540,"제주특별자치도 제주시 구좌읍 김녕로4길 30, 2층","제주어른이집 제주특별자치도 제주시 구좌읍 김녕로4길 30, 2층",김녕리 2540,"김녕로4길 30,",126.744138801,33.552628184
3,캐나다삼춘,2023-08-07,영업,제주특별자치도 제주시 구좌읍 송당리 1352-5,"제주특별자치도 제주시 구좌읍 송당1길 26, 1층","캐나다삼춘 제주특별자치도 제주시 구좌읍 송당1길 26, 1층",송당리 1352-5,"송당1길 26,",126.782342704,33.472661621
4,글뤽,2023-08-17,영업,제주특별자치도 제주시 구좌읍 상도리 471-29,"제주특별자치도 제주시 구좌읍 해녀박물관길 28, 1층","글뤽 제주특별자치도 제주시 구좌읍 해녀박물관길 28, 1층",상도리 471-29,"해녀박물관길 28,",126.862606866,33.523485606
5,술한잔,2023-08-09,영업,제주특별자치도 제주시 구좌읍 세화리 3643-15,"제주특별자치도 제주시 구좌읍 세화1길 32, 나동 1층","술한잔 제주특별자치도 제주시 구좌읍 세화1길 32, 나동 1층",세화리 3643-15,"세화1길 32,",126.855173374,33.526111310
6,카페오길,2023-07-14,영업,제주특별자치도 제주시 구좌읍 평대리 677-1,"제주특별자치도 제주시 구좌읍 평대5길 40, 1층 및 제1동 1층","카페오길 제주특별자치도 제주시 구좌읍 평대5길 40, 1층 및 제1동 1층",평대리 677-1,"평대5길 40,",126.842139707,33.531807863
7,새김,2023-07-03,영업,제주특별자치도 제주시 구좌읍 김녕리 116-8,"제주특별자치도 제주시 구좌읍 일주동로 2253, 1층","새김 제주특별자치도 제주시 구좌읍 일주동로 2253, 1층",김녕리 116-8,"일주동로 2253,",126.771185724,33.551051851
8,놀놀,2023-07-03,영업,제주특별자치도 제주시 구좌읍 평대리 3283-2,"제주특별자치도 제주시 구좌읍 비자림로 2228, A동 1층","놀놀 제주특별자치도 제주시 구좌읍 비자림로 2228, A동 1층",평대리 3283-2,"비자림로 2228,",126.806867300,33.494571079
9,올데이피자서비스제주월정점,2023-07-03,영업,제주특별자치도 제주시 구좌읍 월정리 539,"제주특별자치도 제주시 구좌읍 해맞이해안로 460, 1층","올데이피자서비스제주월정점 제주특별자치도 제주시 구좌읍 해맞이해안로 460, 1층",월정리 539,"해맞이해안로 460,",126.795784455,33.555582869
10,비자블라썸시즌2,2023-09-04,영업,제주특별자치도 제주시 구좌읍 평대리 3210-4,"제주특별자치도 제주시 구좌읍 비자림로 2244, 1층","비자블라썸시즌2 제주특별자치도 제주시 구좌읍 비자림로 2244, 1층",평대리 3210-4,"비자림로 2244,",126.808969137,33.494926026
11,비자,2023-07-19,영업,제주특별자치도 제주시 구좌읍 평대리 3186,"제주특별자치도 제주시 구좌읍 다랑쉬북로 34, 주1동 1층","비자 제주특별자치도 제주시 구좌읍 다랑쉬북로 34, 주1동 1층",평대리 3186,"다랑쉬북로 34,",126.810466993,33.492936027
12,왓어왓,2023-07-19,영업,제주특별자치도 제주시 구좌읍 종달리 1098,"제주특별자치도 제주시 구좌읍 종달논길 16, 1층","왓어왓 제주특별자치도 제주시 구좌읍 종달논길 16, 1층",종달리 1098,"종달논길 16,",126.902759210,33.494450396
13,달보름,2023-08-23,영업,제주특별자치도 제주시 구좌읍 평대리 2030-2,"제주특별자치도 제주시 구좌읍 대수길 24, 1층","달보름 제주특별자치도 제주시 구좌읍 대수길 24, 1층",평대리 2030-2,"대수길 24,",126.838101292,33.536620775
14,비에이치씨제주세화점,2023-07-21,영업,제주특별자치도 제주시 구좌읍 평대리 151-5,"제주특별자치도 제주시 구좌읍 구좌로 8, 1층","비에이치씨제주세화점 제주특별자치도 제주시 구좌읍 구좌로 8, 1층",평대리 151-5,"구좌로 8,",126.852136765,33.523382714
15,알이즈웰,2023-06-16,영업,제주특별자치도 제주시 구좌읍 세화리 815,"제주특별자치도 제주시 구좌읍 세송로 43, 1층","알이즈웰 제주특별자치도 제주시 구좌읍 세송로 43, 1층",세화리 815,"세송로 43,",126.858740130,33.514678466
16,월정달빛,2023-06-29,영업,제주특별자치도 제주시 구좌읍 월정리 546,"제주특별자치도 제주시 구좌읍 월정3길 58, 2층","월정달빛 제주특별자치도 제주시 구좌읍 월정3길 58, 2층",월정리 546,"월정3길 58,",126.795335736,33.555700840
17,구좌제당소,2023-06-28,영업,제주특별자치도 제주시 구좌읍 평대리 2031-2,"제주특별자치도 제주시 구좌읍 해맞이해안로 1108, 1동 1층","구좌제당소 제주특별자치도 제주시 구좌읍 해맞이해안로 1108, 1동 1층",평대리 2031-2,"해맞이해안로 1108,",126.837174447,33.537736601
18,세화피크닉,2023-06-23,영업,제주특별자치도 제주시 구좌읍 세화리 1477-15 세화팬션 숨비,"제주특별자치도 제주시 구좌읍 해맞이해안로 1460, 세화팬션 숨비 별관 1층","세화피크닉 제주특별자치도 제주시 구좌읍 해맞이해안로 1460, 세화팬션 숨비 별관 1층",세화리 1477-15,"해맞이해안로 1460,",126.861285142,33.524290706
19,비수기애호가,2022-04-11,영업,제주특별자치도 제주시 구좌읍 한동리 1368-5,"제주특별자치도 제주시 구좌읍 해맞이해안로 997, 2층","비수기애호가 제주특별자치도 제주시 구좌읍 해맞이해안로 997, 2층",한동리 1368-5,"해맞이해안로 997,",126.830781217,33.543163276
20,고기굽는해녀,2022-04-11,영업,제주특별자치도 제주시 구좌읍 한동리 1007-2,"제주특별자치도 제주시 구좌읍 한동로1길 25, 지1층","고기굽는해녀 제주특별자치도 제주시 구좌읍 한동로1길 25, 지1층",한동리 1007-2,"한동로1길 25,",126.826851944,33.536028239
21,후룩,2022-04-08,영업,제주특별자치도 제주시 구좌읍 행원리 1482,"제주특별자치도 제주시 구좌읍 해맞이해안로 584-2, 2층","후룩 제주특별자치도 제주시 구좌읍 해맞이해안로 584-2, 2층",행원리 1482,"해맞이해안로 584-2,",126.806841938,33.556278685
22,세화다퍼주는횟집,2022-02-17,영업,제주특별자치도 제주시 구좌읍 평대리 3350-12,"제주특별자치도 제주시 구좌읍 세평항로 19, 1층","세화다퍼주는횟집 제주특별자치도 제주시 구좌읍 세평항로 19, 1층",평대리 3350-12,"세평항로 19,",126.853699492,33.525368846
23,여가루,2022-04-04,영업,제주특별자치도 제주시 구좌읍 행원리 576-3,"제주특별자치도 제주시 구좌읍 해맞이해안로 622, 1층","여가루 제주특별자치도 제주시 구좌읍 해맞이해안로 622, 1층",행원리 576-3,"해맞이해안로 622,",126.811060075,33.556564422
24,신떡순떡볶이,2022-04-07,영업,제주특별자치도 제주시 구좌읍 평대리 2031-36,"제주특별자치도 제주시 구좌읍 해맞이해안로 1138, 지1층","신떡순떡볶이 제주특별자치도 제주시 구좌읍 해맞이해안로 1138, 지1층",평대리 2031-36,"해맞이해안로 1138,",126.840098160,33.536777219
25,꼭지,2022-01-28,영업,제주특별자치도 제주시 구좌읍 세화리 1448-1,"제주특별자치도 제주시 구좌읍 세화4길 10, 2층","꼭지 제주특별자치도 제주시 구좌읍 세화4길 10, 2층",세화리 1448-1,"세화4길 10,",126.855653493,33.522539581
26,조간대,2022-01-27,영업,제주특별자치도 제주시 구좌읍 김녕리 1274,"제주특별자치도 제주시 구좌읍 김녕로1길 89-8, 1층","조간대 제주특별자치도 제주시 구좌읍 김녕로1길 89-8, 1층",김녕리 1274,"김녕로1길 89-8,",126.753118294,33.557591016
27,달피,2022-01-27,영업,제주특별자치도 제주시 구좌읍 행원리 1537-19,"제주특별자치도 제주시 구좌읍 행원로1길 32-1, 1층","달피 제주특별자치도 제주시 구좌읍 행원로1길 32-1, 1층",행원리 1537-19,"행원로1길 32-1,",126.800101783,33.554975297
28,헤븐,2022-03-08,영업,제주특별자치도 제주시 구좌읍 동복리 1625,제주특별자치도 제주시 구좌읍 동복로1길 11-10,헤븐 제주특별자치도 제주시 구좌읍 동복로1길 11-10,동복리 1625,동복로1길 11-10,126.711102213,33.554255207
29,세화요정,2022-02-24,영업,제주특별자치도 제주시 구좌읍 세화리 1477-17,"제주특별자치도 제주시 구좌읍 세화7길 23-5, 1층","세화요정 제주특별자치도 제주시 구좌읍 세화7길 23-5, 1층",세화리 1477-17,"세화7길 23-5,",126.860009717,33.524145712
30,세화복우동,2022-03-02,영업,제주특별자치도 제주시 구좌읍 세화리 1413-4,"제주특별자치도 제주시 구좌읍 구좌로 62, 1층","세화복우동 제주특별자치도 제주시 구좌읍 구좌로 62, 1층",세화리 1413-4,"구좌로 62,",126.857595034,33.522458301
31,봉덕,2022-02-21,영업,제주특별자치도 제주시 구좌읍 월정리 26,"제주특별자치도 제주시 구좌읍 월정7길 28-21, 1층","봉덕 제주특별자치도 제주시 구좌읍 월정7길 28-21, 1층",월정리 26,"월정7길 28-21,",126.797397476,33.554865749
32,뚝앤박,2022-03-16,영업,제주특별자치도 제주시 구좌읍 종달리 1793-3,"제주특별자치도 제주시 구좌읍 종달로 46-1, 1층","뚝앤박 제주특별자치도 제주시 구좌읍 종달로 46-1, 1층",종달리 1793-3,"종달로 46-1,",126.896315588,33.493796271
33,월정조용한카페앤펍,2022-03-11,영업,제주특별자치도 제주시 구좌읍 월정리 600,"제주특별자치도 제주시 구좌읍 월정1길 64-1, 1층","월정조용한카페앤펍 제주특별자치도 제주시 구좌읍 월정1길 64-1, 1층",월정리 600,"월정1길 64-1,",126.793621396,33.556255885
34,계절맛집,2022-02-03,영업,제주특별자치도 제주시 구좌읍 세화리 1426-1,"제주특별자치도 제주시 구좌읍 세화2길 13, 1층","계절맛집 제주특별자치도 제주시 구좌읍 세화2길 13, 1층",세화리 1426-1,"세화2길 13,",126.856269083,33.522463616
35,로로,2022-03-28,영업,제주특별자치도 제주시 구좌읍 월정리 33,"제주특별자치도 제주시 구좌읍 해맞이해안로 480-1, 1~2층 112호","로로 제주특별자치도 제주시 구좌읍 해맞이해안로 480-1, 1~2층 112호",월정리 33,"해맞이해안로 480-1,",126.798161213,33.554509606
36,승승국수,2023-06-09,영업,제주특별자치도 제주시 구좌읍 종달리 844,"제주특별자치도 제주시 구좌읍 종달로5길 25-2, 1층","승승국수 제주특별자치도 제주시 구좌읍 종달로5길 25-2, 1층",종달리 844,"종달로5길 25-2,",126.898776033,33.493514542
37,블랑쉬카페앤편의점,2023-06-09,영업,제주특별자치도 제주시 구좌읍 하도리 1870,"제주특별자치도 제주시 구좌읍 별방길 109, 1층 201호","블랑쉬카페앤편의점 제주특별자치도 제주시 구좌읍 별방길 109, 1층 201호",하도리 1870,"별방길 109,",126.878590026,33.527929813
38,늘푸른솔밭골,2023-06-08,영업,제주특별자치도 제주시 구좌읍 평대리 515-2,"제주특별자치도 제주시 구좌읍 해맞이해안로 1240-1, 1층","늘푸른솔밭골 제주특별자치도 제주시 구좌읍 해맞이해안로 1240-1, 1층",평대리 515-2,"해맞이해안로 1240-1,",126.846172657,33.532570576
39,면수동흑돼지,2022-01-04,영업,제주특별자치도 제주시 구좌읍 하도리 3359-48,"제주특별자치도 제주시 구좌읍 면수길 49-4, 1층","면수동흑돼지 제주특별자치도 제주시 구좌읍 면수길 49-4, 1층",하도리 3359-48,"면수길 49-4,",126.864746828,33.524862357
40,동복분식원드랍커피,2022-01-13,영업,제주특별자치도 제주시 구좌읍 동복리 1397,"제주특별자치도 제주시 구좌읍 동복로 68-1, 1층","동복분식원드랍커피 제주특별자치도 제주시 구좌읍 동복로 68-1, 1층",동복리 1397,"동복로 68-1,",126.713372245,33.552854055
41,삐뚤어진지구,2022-01-20,영업,제주특별자치도 제주시 구좌읍 송당리 1375-3,"제주특별자치도 제주시 구좌읍 중산간동로 2264, 2층","삐뚤어진지구 제주특별자치도 제주시 구좌읍 중산간동로 2264, 2층",송당리 1375-3,"중산간동로 2264,",126.784421931,33.471304721
42,모멘터리커피,2022-01-19,영업,제주특별자치도 제주시 구좌읍 김녕리 1241-1,"제주특별자치도 제주시 구좌읍 김녕로17길 14, 1층","모멘터리커피 제주특별자치도 제주시 구좌읍 김녕로17길 14, 1층",김녕리 1241-1,"김녕로17길 14,",126.753723282,33.556452925
43,하도미술관,2021-01-19,영업,제주특별자치도 제주시 구좌읍 하도리 1091-60,"제주특별자치도 제주시 구좌읍 하도13길 25, 1층","하도미술관 제주특별자치도 제주시 구좌읍 하도13길 25, 1층",하도리 1091-60,"하도13길 25,",126.889154204,33.510209054
44,오는곳세화,2021-12-13,영업,제주특별자치도 제주시 구좌읍 세화리 3641,제주특별자치도 제주시 구좌읍 해맞이해안로 1382,오는곳세화 제주특별자치도 제주시 구좌읍 해맞이해안로 1382,세화리 3641,해맞이해안로 1382,126.855603069,33.527561670
45,구아우쇼콜라,2021-12-27,영업,제주특별자치도 제주시 구좌읍 김녕리 3860,"제주특별자치도 제주시 구좌읍 김녕항2길 14, 1층","구아우쇼콜라 제주특별자치도 제주시 구좌읍 김녕항2길 14, 1층",김녕리 3860,"김녕항2길 14,",126.746135894,33.556253550
46,밀당제주,2021-12-10,영업,제주특별자치도 제주시 구좌읍 월정리 516,"제주특별자치도 제주시 구좌읍 월정5길 42, 1층","밀당제주 제주특별자치도 제주시 구좌읍 월정5길 42, 1층",월정리 516,"월정5길 42,",126.795088839,33.554124912
47,월정리앤카멜리아,2021-12-15,영업,제주특별자치도 제주시 구좌읍 월정리 429-1,"제주특별자치도 제주시 구좌읍 월정1길 46-2, 1층","월정리앤카멜리아 제주특별자치도 제주시 구좌읍 월정1길 46-2, 1층",월정리 429-1,"월정1길 46-2,",126.792158744,33.555345661
48,지환이네밥집,2023-04-07,영업,제주특별자치도 제주시 구좌읍 송당리 1508,"제주특별자치도 제주시 구좌읍 송당6길 38, 1층","지환이네밥집 제주특별자치도 제주시 구좌읍 송당6길 38, 1층",송당리 1508,"송당6길 38,",126.784026651,33.468242277
49,처갓집양념치킨구좌점,2023-04-07,영업,제주특별자치도 제주시 구좌읍 행원리 2770-2,"제주특별자치도 제주시 구좌읍 덕행로 262-11, 1층","처갓집양념치킨구좌점 제주특별자치도 제주시 구좌읍 덕행로 262-11, 1층",행원리 2770-2,"덕행로 262-11,",126.788562047,33.527842428
50,세화길카페,2023-04-14,영업,제주특별자치도 제주시 구좌읍 세화리 3645-8,"제주특별자치도 제주시 구좌읍 세화1길 17, 2층","세화길카페 제주특별자치도 제주시 구좌읍 세화1길 17, 2층",세화리 3645-8,"세화1길 17,",126.854364296,33.525247532
51,월정리쇠막,2023-04-25,영업,제주특별자치도 제주시 구좌읍 월정리 668,"제주특별자치도 제주시 구좌읍 월정중길 45-1, 1층","월정리쇠막 제주특별자치도 제주시 구좌읍 월정중길 45-1, 1층",월정리 668,"월정중길 45-1,",126.793365057,33.559072816
52,평대여,2023-04-19,영업,제주특별자치도 제주시 구좌읍 평대리 2018,"제주특별자치도 제주시 구좌읍 해맞이해안로 1208, 1층","평대여 제주특별자치도 제주시 구좌읍 해맞이해안로 1208, 1층",평대리 2018,"해맞이해안로 1208,",126.843059861,33.533636202
53,이태리부부,2023-04-21,영업,제주특별자치도 제주시 구좌읍 송당리 1189-3,"제주특별자치도 제주시 구좌읍 중산간동로 2143, 1층","이태리부부 제주특별자치도 제주시 구좌읍 중산간동로 2143, 1층",송당리 1189-3,"중산간동로 2143,",126.772219903,33.471167792
54,해산물한접시,2023-04-21,영업,제주특별자치도 제주시 구좌읍 종달리 461,"제주특별자치도 제주시 구좌읍 해맞이해안로 2234, 1층","해산물한접시 제주특별자치도 제주시 구좌읍 해맞이해안로 2234, 1층",종달리 461,"해맞이해안로 2234,",126.911514082,33.500433506
55,까망도그,2023-05-03,영업,제주특별자치도 제주시 구좌읍 김녕리 1266,"제주특별자치도 제주시 구좌읍 김녕로21길 23, 1층","까망도그 제주특별자치도 제주시 구좌읍 김녕로21길 23, 1층",김녕리 1266,"김녕로21길 23,",126.754974799,33.557826106
56,프랭크버거제주월정점,2023-05-19,영업,제주특별자치도 제주시 구좌읍 행원리 1537-17,"제주특별자치도 제주시 구좌읍 행원로1길 29, 1층","프랭크버거제주월정점 제주특별자치도 제주시 구좌읍 행원로1길 29, 1층",행원리 1537-17,"행원로1길 29,",126.799808954,33.554542717
57,통큰제주왕갈비,2023-04-04,영업,제주특별자치도 제주시 구좌읍 평대리 148-1,"제주특별자치도 제주시 구좌읍 세평항로 1, 1층","통큰제주왕갈비 제주특별자치도 제주시 구좌읍 세평항로 1, 1층",평대리 148-1,"세평항로 1,",126.852719504,33.523731426
58,바다사무소,2021-11-09,영업,제주특별자치도 제주시 구좌읍 평대리 2024-2,"제주특별자치도 제주시 구좌읍 해맞이해안로 1202, 1동","바다사무소 제주특별자치도 제주시 구좌읍 해맞이해안로 1202, 1동",평대리 2024-2,"해맞이해안로 1202,",126.842499499,33.533230182
59,플로티에가든,2021-11-09,영업,제주특별자치도 제주시 구좌읍 월정리 33-12,"제주특별자치도 제주시 구좌읍 해맞이해안로 486, 2층 201호","플로티에가든 제주특별자치도 제주시 구좌읍 해맞이해안로 486, 2층 201호",월정리 33-12,"해맞이해안로 486,",126.798871080,33.554723109
60,하루이수다,2021-10-13,영업,제주특별자치도 제주시 구좌읍 세화리 1248-3,"제주특별자치도 제주시 구좌읍 세화남1길 3, 1층","하루이수다 제주특별자치도 제주시 구좌읍 세화남1길 3, 1층",세화리 1248-3,"세화남1길 3,",126.855980716,33.519130109
61,럭키유,2021-10-25,영업,제주특별자치도 제주시 구좌읍 월정리 505,"제주특별자치도 제주시 구좌읍 월정5길 56, 1층","럭키유 제주특별자치도 제주시 구좌읍 월정5길 56, 1층",월정리 505,"월정5길 56,",126.794966460,33.555154007
62,제주의계절,2021-10-22,영업,제주특별자치도 제주시 구좌읍 종달리 825-2,제주특별자치도 제주시 구좌읍 종달로5길 34,제주의계절 제주특별자치도 제주시 구좌읍 종달로5길 34,종달리 825-2,종달로5길 34,126.899545364,33.493152000
63,김녕제주흑돼지정육식당,2021-12-07,영업,제주특별자치도 제주시 구좌읍 김녕리 2537,"제주특별자치도 제주시 구좌읍 김녕로4길 28, 1층","김녕제주흑돼지정육식당 제주특별자치도 제주시 구좌읍 김녕로4길 28, 1층",김녕리 2537,"김녕로4길 28,",126.744179156,33.552728074
64,인수네정육식당,2021-12-07,영업,제주특별자치도 제주시 구좌읍 김녕리 1633,"제주특별자치도 제주시 구좌읍 김녕로 103, 1층","인수네정육식당 제주특별자치도 제주시 구좌읍 김녕로 103, 1층",김녕리 1633,"김녕로 103,",126.749154415,33.554431370
65,다코네,2021-11-23,영업,제주특별자치도 제주시 구좌읍 평대리 1753-1,"제주특별자치도 제주시 구좌읍 평대4길 20-1, 제2동 1~2층","다코네 제주특별자치도 제주시 구좌읍 평대4길 20-1, 제2동 1~2층",평대리 1753-1,"평대4길 20-1,",126.836687131,33.529253783
66,바다를바라보면,2021-11-24,영업,제주특별자치도 제주시 구좌읍 월정리 421-1,"제주특별자치도 제주시 구좌읍 월정1길 47-1, 1층","바다를바라보면 제주특별자치도 제주시 구좌읍 월정1길 47-1, 1층",월정리 421-1,"월정1길 47-1,",126.792330857,33.555895554
67,제주밭담백숙,2021-11-16,영업,제주특별자치도 제주시 구좌읍 김녕리 731-5,제주특별자치도 제주시 구좌읍 김녕남8길 55-87,제주밭담백숙 제주특별자치도 제주시 구좌읍 김녕남8길 55-87,김녕리 731-5,김녕남8길 55-87,126.761539891,33.543002166
68,런던베이글뮤지엄제주(London Bagel Museum),2023-03-02,영업,제주특별자치도 제주시 구좌읍 동복리 719-1,"제주특별자치도 제주시 구좌읍 동복로 85, 제2동 지하1~1층","런던베이글뮤지엄제주(London Bagel Museum) 제주특별자치도 제주시 구좌읍 동복로 85, 제2동 지하1~1층",동복리 719-1,"동복로 85,",126.715697463,33.553604342
69,브라보커피웍스,2023-02-15,영업,제주특별자치도 제주시 구좌읍 세화리 25,"제주특별자치도 제주시 구좌읍 세화11길 8, 1층","브라보커피웍스 제주특별자치도 제주시 구좌읍 세화11길 8, 1층",세화리 25,"세화11길 8,",126.860973224,33.521563609
70,조패자조개대패먹자,2023-02-23,영업,제주특별자치도 제주시 구좌읍 행원리 1524,"제주특별자치도 제주시 구좌읍 해맞이해안로 508-1, 1~2층","조패자조개대패먹자 제주특별자치도 제주시 구좌읍 해맞이해안로 508-1, 1~2층",행원리 1524,"해맞이해안로 508-1,",126.801048082,33.555795931
71,우리가좋아하는것들,2023-02-21,영업,제주특별자치도 제주시 구좌읍 종달리 1866,"제주특별자치도 제주시 구좌읍 일주동로 3719, 1층","우리가좋아하는것들 제주특별자치도 제주시 구좌읍 일주동로 3719, 1층",종달리 1866,"일주동로 3719,",126.893931335,33.492810519
72,종달사거리,2023-03-27,영업,제주특별자치도 제주시 구좌읍 종달리 789,"제주특별자치도 제주시 구좌읍 종달논길 62-1, 1층","종달사거리 제주특별자치도 제주시 구좌읍 종달논길 62-1, 1층",종달리 789,"종달논길 62-1,",126.899251250,33.491503641
73,도연,2023-03-30,영업,제주특별자치도 제주시 구좌읍 세화리 1419,"제주특별자치도 제주시 구좌읍 구좌로 46, 1층","도연 제주특별자치도 제주시 구좌읍 구좌로 46, 1층",세화리 1419,"구좌로 46,",126.856290016,33.523136719
74,세화샌디,2023-02-13,영업,제주특별자치도 제주시 구좌읍 세화리 1476-5 2동,"제주특별자치도 제주시 구좌읍 해녀박물관길 33-2, 1층","세화샌디 제주특별자치도 제주시 구좌읍 해녀박물관길 33-2, 1층",세화리 1476-5,"해녀박물관길 33-2,",126.861917095,33.523874095
75,더슬로우,2021-07-19,영업,제주특별자치도 제주시 구좌읍 월정리 650,"제주특별자치도 제주시 구좌읍 해맞이해안로 430, 2층","더슬로우 제주특별자치도 제주시 구좌읍 해맞이해안로 430, 2층",월정리 650,"해맞이해안로 430,",126.794555524,33.558014278
76,장청림카페,2021-07-12,영업,제주특별자치도 제주시 구좌읍 세화리 1464-7,"제주특별자치도 제주시 구좌읍 세화5길 4, 1층","장청림카페 제주특별자치도 제주시 구좌읍 세화5길 4, 1층",세화리 1464-7,"세화5길 4,",126.856742397,33.523524089
77,제주랑,2021-08-02,영업,제주특별자치도 제주시 구좌읍 송당리 577-1,제주특별자치도 제주시 구좌읍 비자림로 1990,제주랑 제주특별자치도 제주시 구좌읍 비자림로 1990,송당리 577-1,비자림로 1990,126.786910071,33.482975241
78,하도댁흑돼지두루치기,2021-08-03,영업,제주특별자치도 제주시 구좌읍 세화리 1424-1,제주특별자치도 제주시 구좌읍 세화2길 9,하도댁흑돼지두루치기 제주특별자치도 제주시 구좌읍 세화2길 9,세화리 1424-1,세화2길 9,126.856004763,33.522779736
79,아스론가제주,2021-08-10,영업,제주특별자치도 제주시 구좌읍 하도리 3210-6,"제주특별자치도 제주시 구좌읍 면수길 26, 제2동 1층","아스론가제주 제주특별자치도 제주시 구좌읍 면수길 26, 제2동 1층",하도리 3210-6,"면수길 26,",126.866973958,33.523109157
80,리코쏠레,2021-07-21,영업,제주특별자치도 제주시 구좌읍 월정리 440,제주특별자치도 제주시 구좌읍 월정1길 54-10,리코쏠레 제주특별자치도 제주시 구좌읍 월정1길 54-10,월정리 440,월정1길 54-10,126.793095387,33.555798039
81,구좌월정세화리삼다수산,2021-08-17,영업,제주특별자치도 제주시 구좌읍 세화리 3648-2,"제주특별자치도 제주시 구좌읍 세평항로 16, 2호","구좌월정세화리삼다수산 제주특별자치도 제주시 구좌읍 세평항로 16, 2호",세화리 3648-2,"세평항로 16,",126.853864531,33.524884791
82,망고홀릭종달점,2021-08-05,영업,제주특별자치도 제주시 구좌읍 종달리 1094 제3동,"제주특별자치도 제주시 구좌읍 종달논길 18, 제3동 1층","망고홀릭종달점 제주특별자치도 제주시 구좌읍 종달논길 18, 제3동 1층",종달리 1094,"종달논길 18,",126.902580352,33.494412120
83,카페씨닉,2021-07-16,영업,제주특별자치도 제주시 구좌읍 월정리 670-5,"제주특별자치도 제주시 구좌읍 해맞이해안로 402, 1층","카페씨닉 제주특별자치도 제주시 구좌읍 해맞이해안로 402, 1층",월정리 670-5,"해맞이해안로 402,",126.792654436,33.559281301
84,쪼꼬뜨레,2021-09-13,영업,제주특별자치도 제주시 구좌읍 김녕리 1567-1,"제주특별자치도 제주시 구좌읍 김녕로11길 16, 1층","쪼꼬뜨레 제주특별자치도 제주시 구좌읍 김녕로11길 16, 1층",김녕리 1567-1,"김녕로11길 16,",126.749895954,33.555819727
85,경배네노리터,2023-01-17,영업,제주특별자치도 제주시 구좌읍 월정리 856,"제주특별자치도 제주시 구좌읍 일주동로 2393-64, 제1동 1층","경배네노리터 제주특별자치도 제주시 구좌읍 일주동로 2393-64, 제1동 1층",월정리 856,"일주동로 2393-64,",126.788242457,33.555644546
86,솝박,2022-12-15,영업,제주특별자치도 제주시 구좌읍 세화리 1239-1,"제주특별자치도 제주시 구좌읍 충렬로 5, 1층 제3호","솝박 제주특별자치도 제주시 구좌읍 충렬로 5, 1층 제3호",세화리 1239-1,"충렬로 5,",128.419442718,34.842346290
87,월정리흑돼지월고집,2022-12-05,영업,제주특별자치도 제주시 구좌읍 월정리 310-1,"제주특별자치도 제주시 구좌읍 월정1길 16-1, 1층","월정리흑돼지월고집 제주특별자치도 제주시 구좌읍 월정1길 16-1, 1층",월정리 310-1,"월정1길 16-1,",126.791001636,33.553307866
88,제주신도시,2022-12-08,영업,제주특별자치도 제주시 구좌읍 월정리 33,"제주특별자치도 제주시 구좌읍 해맞이해안로 480-1, 1,2층 116호","제주신도시 제주특별자치도 제주시 구좌읍 해맞이해안로 480-1, 1,2층 116호",월정리 33,"해맞이해안로 480-1,",126.798161213,33.554509606
89,평대장인의집,2022-11-28,영업,제주특별자치도 제주시 구좌읍 평대리 1938-1,"제주특별자치도 제주시 구좌읍 평대2길 29, 제1동 1층","평대장인의집 제주특별자치도 제주시 구좌읍 평대2길 29, 제1동 1층",평대리 1938-1,"평대2길 29,",126.838766648,33.533692069
90,총총,2022-11-18,영업,제주특별자치도 제주시 구좌읍 세화리 3645-2,"제주특별자치도 제주시 구좌읍 세평항로 28, 1층","총총 제주특별자치도 제주시 구좌읍 세평항로 28, 1층",세화리 3645-2,"세평항로 28,",126.854462864,33.525732339
91,그린커리프레젠트,2022-12-16,영업,제주특별자치도 제주시 구좌읍 김녕리 116-11,"제주특별자치도 제주시 구좌읍 일주동로 2251, 1층","그린커리프레젠트 제주특별자치도 제주시 구좌읍 일주동로 2251, 1층",김녕리 116-11,"일주동로 2251,",126.770925317,33.551109097
92,꼬리에꼬리를무는닭,2022-12-22,영업,제주특별자치도 제주시 구좌읍 송당리 1571-4,"제주특별자치도 제주시 구좌읍 비자림로 1820, 1층","꼬리에꼬리를무는닭 제주특별자치도 제주시 구좌읍 비자림로 1820, 1층",송당리 1571-4,"비자림로 1820,",126.776452073,33.470710921
93,오프더레코드제주,2022-11-16,영업,제주특별자치도 제주시 구좌읍 월정리 482-7,"제주특별자치도 제주시 구좌읍 월정3길 38, 1층","오프더레코드제주 제주특별자치도 제주시 구좌읍 월정3길 38, 1층",월정리 482-7,"월정3길 38,",126.793728450,33.554469843
94,아유,2022-12-14,영업,제주특별자치도 제주시 구좌읍 세화리 799-3,"제주특별자치도 제주시 구좌읍 세화합전2길 10-6, 제2동 1층","아유 제주특별자치도 제주시 구좌읍 세화합전2길 10-6, 제2동 1층",세화리 799-3,"세화합전2길 10-6,",126.858172756,33.513229255
95,공백,2021-05-25,영업,제주특별자치도 제주시 구좌읍 동복리 1568-1,"제주특별자치도 제주시 구좌읍 동복로 83, 1층 1호","공백 제주특별자치도 제주시 구좌읍 동복로 83, 1층 1호",동복리 1568-1,"동복로 83,",126.715045101,33.553638001
96,배고프면,2021-05-06,영업,제주특별자치도 제주시 구좌읍 행원리 1511-3,"제주특별자치도 제주시 구좌읍 해맞이해안로 518-38, 1층","배고프면 제주특별자치도 제주시 구좌읍 해맞이해안로 518-38, 1층",행원리 1511-3,"해맞이해안로 518-38,",126.802884305,33.557251352
97,이가돼지국밥,2021-05-06,영업,제주특별자치도 제주시 구좌읍 세화리 1452-18,"제주특별자치도 제주시 구좌읍 구좌로 39, 1층","이가돼지국밥 제주특별자치도 제주시 구좌읍 구좌로 39, 1층",세화리 1452-18,"구좌로 39,",126.855839728,33.523500719
98,월정오름,2021-06-14,영업,제주특별자치도 제주시 구좌읍 월정리 3,"제주특별자치도 제주시 구좌읍 해맞이해안로 466, 2층","월정오름 제주특별자치도 제주시 구좌읍 해맞이해안로 466, 2층",월정리 3,"해맞이해안로 466,",126.796539761,33.555432369
99,오소록헌디,2021-06-23,영업,제주특별자치도 제주시 구좌읍 한동리 1114-10,"제주특별자치도 제주시 구좌읍 한동로 39-1, 2층","오소록헌디 제주특별자치도 제주시 구좌읍 한동로 39-1, 2층",한동리 1114-10,"한동로 39-1,",126.824826835,33.536249450
100,오늘도화창,2021-06-23,영업,제주특별자치도 제주시 구좌읍 월정리 505,"제주특별자치도 제주시 구좌읍 월정5길 56, 1층","오늘도화창 제주특별자치도 제주시 구좌읍 월정5길 56, 1층",월정리 505,"월정5길 56,",126.794966460,33.555154007
101,화경앤금전대운,2021-06-28,영업,제주특별자치도 제주시 구좌읍 행원리 581-18,"제주특별자치도 제주시 구좌읍 해맞이해안로 607, 1층","화경앤금전대운 제주특별자치도 제주시 구좌읍 해맞이해안로 607, 1층",행원리 581-18,"해맞이해안로 607,",126.809442373,33.556444529
102,오늘하루,2021-05-17,영업,제주특별자치도 제주시 구좌읍 종달리 824-2,"제주특별자치도 제주시 구좌읍 종달로5길 36, 1동 1층","오늘하루 제주특별자치도 제주시 구좌읍 종달로5길 36, 1동 1층",종달리 824-2,"종달로5길 36,",126.899771100,33.493075817
103,돔베네국수씨,2021-05-13,영업,제주특별자치도 제주시 구좌읍 한동리 1291,"제주특별자치도 제주시 구좌읍 해맞이해안로 1034, 1층","돔베네국수씨 제주특별자치도 제주시 구좌읍 해맞이해안로 1034, 1층",한동리 1291,"해맞이해안로 1034,",126.831196896,33.539961206
104,덕분이네밥상청춘분식,2021-04-30,영업,제주특별자치도 제주시 구좌읍 김녕리 2540,"제주특별자치도 제주시 구좌읍 김녕로4길 30, 1층 6호","덕분이네밥상청춘분식 제주특별자치도 제주시 구좌읍 김녕로4길 30, 1층 6호",김녕리 2540,"김녕로4길 30,",126.744138801,33.552628184
105,옥상술집,2021-04-30,영업,제주특별자치도 제주시 구좌읍 김녕리 2540,"제주특별자치도 제주시 구좌읍 김녕로4길 30, 3층","옥상술집 제주특별자치도 제주시 구좌읍 김녕로4길 30, 3층",김녕리 2540,"김녕로4길 30,",126.744138801,33.552628184
106,당근과해녀,2021-06-24,영업,제주특별자치도 제주시 구좌읍 평대리 2024-3,"제주특별자치도 제주시 구좌읍 평대5길 48-1, 가동 1층","당근과해녀 제주특별자치도 제주시 구좌읍 평대5길 48-1, 가동 1층",평대리 2024-3,"평대5길 48-1,",126.842343826,33.532925618
107,유코,2021-06-30,영업,제주특별자치도 제주시 구좌읍 행원리 1537-3,"제주특별자치도 제주시 구좌읍 행원로1길 33, 1층","유코 제주특별자치도 제주시 구좌읍 행원로1길 33, 1층",행원리 1537-3,"행원로1길 33,",126.799675144,33.554825705
108,퍼즈,2021-06-29,영업,제주특별자치도 제주시 구좌읍 종달리 624,"제주특별자치도 제주시 구좌읍 해맞이해안로 2498, 제1동 1층","퍼즈 제주특별자치도 제주시 구좌읍 해맞이해안로 2498, 제1동 1층",종달리 624,"해맞이해안로 2498,",126.901321929,33.484201089
109,렐레펑테러블,2021-06-24,영업,제주특별자치도 제주시 구좌읍 월정리 925,"제주특별자치도 제주시 구좌읍 월정1길 17, 2동 1층","렐레펑테러블 제주특별자치도 제주시 구좌읍 월정1길 17, 2동 1층",월정리 925,"월정1길 17,",126.788119079,35.011699703
110,메밀의고향,2021-06-18,영업,제주특별자치도 제주시 구좌읍 세화리 1248-1,"제주특별자치도 제주시 구좌읍 세화남1길 1, 1층","메밀의고향 제주특별자치도 제주시 구좌읍 세화남1길 1, 1층",세화리 1248-1,"세화남1길 1,",126.855825468,33.519236245
111,홍익인간,2021-06-08,영업,제주특별자치도 제주시 구좌읍 세화리 1421-3,"제주특별자치도 제주시 구좌읍 구좌로 42, 1층","홍익인간 제주특별자치도 제주시 구좌읍 구좌로 42, 1층",세화리 1421-3,"구좌로 42,",126.855872985,33.523272736
112,모닥모닥,2021-05-18,영업,제주특별자치도 제주시 구좌읍 김녕리 2540,"제주특별자치도 제주시 구좌읍 김녕로4길 30, 1층","모닥모닥 제주특별자치도 제주시 구좌읍 김녕로4길 30, 1층",김녕리 2540,"김녕로4길 30,",126.744138801,33.552628184
113,강산,2021-06-15,영업,제주특별자치도 제주시 구좌읍 세화리 3643-11,"제주특별자치도 제주시 구좌읍 세화1길 34-1, 1층","강산 제주특별자치도 제주시 구좌읍 세화1길 34-1, 1층",세화리 3643-11,"세화1길 34-1,",126.855351147,33.526263539
114,픽미펍클럽,2021-06-01,영업,제주특별자치도 제주시 구좌읍 월정리 594,"제주특별자치도 제주시 구좌읍 월정1길 62-2, 2~4층","픽미펍클럽 제주특별자치도 제주시 구좌읍 월정1길 62-2, 2~4층",월정리 594,"월정1길 62-2,",126.793263110,33.556214363
115,제주해피자,2022-09-08,영업,제주특별자치도 제주시 구좌읍 한동리 1294,"제주특별자치도 제주시 구좌읍 해맞이해안로 1032, 2층","제주해피자 제주특별자치도 제주시 구좌읍 해맞이해안로 1032, 2층",한동리 1294,"해맞이해안로 1032,",126.830862776,33.540029940
116,움튼델리카테슨,2022-09-08,영업,제주특별자치도 제주시 구좌읍 세화리 1477-9,"제주특별자치도 제주시 구좌읍 세화7길 23-14, 나동 1층","움튼델리카테슨 제주특별자치도 제주시 구좌읍 세화7길 23-14, 나동 1층",세화리 1477-9,"세화7길 23-14,",126.860952697,33.524324806
117,라이프이즌트쿨,2022-09-08,영업,제주특별자치도 제주시 구좌읍 종달리 737,"제주특별자치도 제주시 구좌읍 종달동길 29-6, 1층","라이프이즌트쿨 제주특별자치도 제주시 구좌읍 종달동길 29-6, 1층",종달리 737,"종달동길 29-6,",126.903079928,33.491505488
118,틴더타운,2022-09-14,영업,제주특별자치도 제주시 구좌읍 행원리 1516,"제주특별자치도 제주시 구좌읍 해맞이해안로 520, 1층","틴더타운 제주특별자치도 제주시 구좌읍 해맞이해안로 520, 1층",행원리 1516,"해맞이해안로 520,",126.801318504,33.556659651
119,비비큐제주김녕점,2022-09-14,영업,제주특별자치도 제주시 구좌읍 김녕리 1710-2,"제주특별자치도 제주시 구좌읍 김녕로 102-1, 1층","비비큐제주김녕점 제주특별자치도 제주시 구좌읍 김녕로 102-1, 1층",김녕리 1710-2,"김녕로 102-1,",126.749007557,33.554080361
120,알리올레,2022-11-11,영업,제주특별자치도 제주시 구좌읍 송당리 1398-7,"제주특별자치도 제주시 구좌읍 중산간동로 2285, 가동 1층","알리올레 제주특별자치도 제주시 구좌읍 중산간동로 2285, 가동 1층",송당리 1398-7,"중산간동로 2285,",126.786990338,33.470907107
121,달빛우산,2022-09-20,영업,제주특별자치도 제주시 구좌읍 세화리 1424-4,"제주특별자치도 제주시 구좌읍 세화2길 11, 2층","달빛우산 제주특별자치도 제주시 구좌읍 세화2길 11, 2층",세화리 1424-4,"세화2길 11,",126.856137002,33.522567409
122,카페구할구제주,2022-09-20,영업,제주특별자치도 제주시 구좌읍 월정리 514,"제주특별자치도 제주시 구좌읍 월정5길 48-2, A~B동 1층","카페구할구제주 제주특별자치도 제주시 구좌읍 월정5길 48-2, A~B동 1층",월정리 514,"월정5길 48-2,",126.795066726,33.554457099
123,다락방,2022-09-07,영업,제주특별자치도 제주시 구좌읍 세화리 1-9,"제주특별자치도 제주시 구좌읍 세화7길 37, 3호","다락방 제주특별자치도 제주시 구좌읍 세화7길 37, 3호",세화리 1-9,"세화7길 37,",126.861692241,33.523135284
124,김녕식당,2022-11-09,영업,제주특별자치도 제주시 구좌읍 김녕리 1635-8,"제주특별자치도 제주시 구좌읍 김녕로11길 5-3, 1층","김녕식당 제주특별자치도 제주시 구좌읍 김녕로11길 5-3, 1층",김녕리 1635-8,"김녕로11길 5-3,",126.749315781,33.555018428
125,모니라이스,2022-09-02,영업,제주특별자치도 제주시 구좌읍 송당리 1375-4,"제주특별자치도 제주시 구좌읍 중산간동로 2260, 제2동 1층","모니라이스 제주특별자치도 제주시 구좌읍 중산간동로 2260, 제2동 1층",송당리 1375-4,"중산간동로 2260,",126.784184281,33.471301395
126,아늑월정함덕점,2022-10-26,영업,제주특별자치도 제주시 구좌읍 월정리 5-1,"제주특별자치도 제주시 구좌읍 해맞이해안로 470, 1층","아늑월정함덕점 제주특별자치도 제주시 구좌읍 해맞이해안로 470, 1층",월정리 5-1,"해맞이해안로 470,",126.796705122,33.555141001
127,마노아,2022-09-15,영업,제주특별자치도 제주시 구좌읍 하도리 1488-1,"제주특별자치도 제주시 구좌읍 문주란로 9, 1층","마노아 제주특별자치도 제주시 구좌읍 문주란로 9, 1층",하도리 1488-1,"문주란로 9,",126.883375574,33.518718083
128,제주이로리,2021-04-12,영업,제주특별자치도 제주시 구좌읍 평대리 606-1,"제주특별자치도 제주시 구좌읍 평대5길 41, 1층 2호","제주이로리 제주특별자치도 제주시 구좌읍 평대5길 41, 1층 2호",평대리 606-1,"평대5길 41,",126.842020683,33.532185616
129,키치니토키친,2021-03-08,영업,제주특별자치도 제주시 구좌읍 송당리 1387-17,"제주특별자치도 제주시 구좌읍 송당5길 18, 1층","키치니토키친 제주특별자치도 제주시 구좌읍 송당5길 18, 1층",송당리 1387-17,"송당5길 18,",126.785163757,33.473138888
130,조옹달리,2021-02-18,영업,제주특별자치도 제주시 구좌읍 종달리 486-9,"제주특별자치도 제주시 구좌읍 해맞이해안로 2290, 1층","조옹달리 제주특별자치도 제주시 구좌읍 해맞이해안로 2290, 1층",종달리 486-9,"해맞이해안로 2290,",126.909598214,33.496556564
131,돈밭,2021-02-17,영업,제주특별자치도 제주시 구좌읍 종달리 1077,"제주특별자치도 제주시 구좌읍 종달로1길 70, 1층","돈밭 제주특별자치도 제주시 구좌읍 종달로1길 70, 1층",종달리 1077,"종달로1길 70,",126.902848493,33.495406619
132,석양,2021-02-19,영업,제주특별자치도 제주시 구좌읍 하도리 2202,"제주특별자치도 제주시 구좌읍 하도1길 37, 1층","석양 제주특별자치도 제주시 구좌읍 하도1길 37, 1층",하도리 2202,"하도1길 37,",126.878992295,33.520761672
133,세화탐나는도새기,2021-04-14,영업,제주특별자치도 제주시 구좌읍 세화리 3645-7,"제주특별자치도 제주시 구좌읍 세평항로 22, 1층","세화탐나는도새기 제주특별자치도 제주시 구좌읍 세평항로 22, 1층",세화리 3645-7,"세평항로 22,",126.854084410,33.525257877
134,초밥공장,2021-03-18,영업,제주특별자치도 제주시 구좌읍 월정리 1896-13,"제주특별자치도 제주시 구좌읍 월정3길 7, 1층","초밥공장 제주특별자치도 제주시 구좌읍 월정3길 7, 1층",월정리 1896-13,"월정3길 7,",126.791539977,33.552481513
135,플로리디타,2021-03-18,영업,제주특별자치도 제주시 구좌읍 세화리 3642-2,"제주특별자치도 제주시 구좌읍 세화1길 39, 1층","플로리디타 제주특별자치도 제주시 구좌읍 세화1길 39, 1층",세화리 3642-2,"세화1길 39,",126.855425374,33.526916667
136,카페카약올레,2021-03-19,영업,제주특별자치도 제주시 구좌읍 월정리 1400-45,"제주특별자치도 제주시 구좌읍 월정서로 169, 1층","카페카약올레 제주특별자치도 제주시 구좌읍 월정서로 169, 1층",월정리 1400-45,"월정서로 169,",126.777946648,33.563241445
137,르바게트,2021-03-19,영업,제주특별자치도 제주시 구좌읍 월정리 348-3,"제주특별자치도 제주시 구좌읍 월정1길 30, 가동 1층","르바게트 제주특별자치도 제주시 구좌읍 월정1길 30, 가동 1층",월정리 348-3,"월정1길 30,",126.786814371,35.011035170
138,농부파스타집,2021-04-06,영업,제주특별자치도 제주시 구좌읍 행원리 1518-2,"제주특별자치도 제주시 구좌읍 해맞이해안로 518, 2층","농부파스타집 제주특별자치도 제주시 구좌읍 해맞이해안로 518, 2층",행원리 1518-2,"해맞이해안로 518,",126.801358350,33.556436557
139,오조파스타앤피자,2021-04-15,영업,제주특별자치도 제주시 구좌읍 상도리 471-58,"제주특별자치도 제주시 구좌읍 해녀박물관길 30, 1층","오조파스타앤피자 제주특별자치도 제주시 구좌읍 해녀박물관길 30, 1층",상도리 471-58,"해녀박물관길 30,",126.862580388,33.523656469
140,비자림휴게소,2021-04-21,영업,제주특별자치도 제주시 구좌읍 평대리 3164-1 비자림,"제주특별자치도 제주시 구좌읍 비자숲길 62, 비자림 1층","비자림휴게소 제주특별자치도 제주시 구좌읍 비자숲길 62, 비자림 1층",평대리 3164-1,"비자숲길 62,",126.810247556,33.491236432
141,흙소담,2021-03-17,영업,제주특별자치도 제주시 구좌읍 종달리 721,"제주특별자치도 제주시 구좌읍 해맞이해안로 2484, 1층 107호","흙소담 제주특별자치도 제주시 구좌읍 해맞이해안로 2484, 1층 107호",종달리 721,"해맞이해안로 2484,",126.901623541,33.485819627
142,조개모닥본점,2022-08-22,영업,제주특별자치도 제주시 구좌읍 종달리 452,제주특별자치도 제주시 구좌읍 해맞이해안로 2232-30,조개모닥본점 제주특별자치도 제주시 구좌읍 해맞이해안로 2232-30,종달리 452,해맞이해안로 2232-30,126.912114365,33.502375311
143,피크닉앤와인월정,2022-07-18,영업,제주특별자치도 제주시 구좌읍 월정리 482-7,"제주특별자치도 제주시 구좌읍 월정3길 38, 1층","피크닉앤와인월정 제주특별자치도 제주시 구좌읍 월정3길 38, 1층",월정리 482-7,"월정3길 38,",126.793728450,33.554469843
144,청량,2022-07-18,영업,제주특별자치도 제주시 구좌읍 세화리 1521-5,"제주특별자치도 제주시 구좌읍 구좌로 31, 1층","청량 제주특별자치도 제주시 구좌읍 구좌로 31, 1층",세화리 1521-5,"구좌로 31,",126.854849405,33.523636103
145,범뮤다,2022-07-21,영업,제주특별자치도 제주시 구좌읍 세화리 1477-15 세화팬션 숨비,"제주특별자치도 제주시 구좌읍 해맞이해안로 1460, 세화팬션 숨비 2층","범뮤다 제주특별자치도 제주시 구좌읍 해맞이해안로 1460, 세화팬션 숨비 2층",세화리 1477-15,"해맞이해안로 1460,",126.861285142,33.524290706
146,롯지먼트,2022-07-05,영업,제주특별자치도 제주시 구좌읍 김녕리 3676,"제주특별자치도 제주시 구좌읍 김녕로1길 23, 1층","롯지먼트 제주특별자치도 제주시 구좌읍 김녕로1길 23, 1층",김녕리 3676,"김녕로1길 23,",126.747434926,33.555760701
147,밤의테이블,2022-07-05,영업,제주특별자치도 제주시 구좌읍 세화리 1538-2,"제주특별자치도 제주시 구좌읍 구좌로 34, 1층","밤의테이블 제주특별자치도 제주시 구좌읍 구좌로 34, 1층",세화리 1538-2,"구좌로 34,",126.855016492,33.523317330
148,샤브마니아제주스카이워터쇼점,2022-07-06,영업,제주특별자치도 제주시 구좌읍 송당리 2764-1 제주아트랜드,"제주특별자치도 제주시 구좌읍 번영로 2172-80, 제주아트랜드 1층 3호","샤브마니아제주스카이워터쇼점 제주특별자치도 제주시 구좌읍 번영로 2172-80, 제주아트랜드 1층 3호",송당리 2764-1,"번영로 2172-80,",126.743049403,33.424106037
149,세화땡김,2022-07-07,영업,제주특별자치도 제주시 구좌읍 세화리 1538-10,"제주특별자치도 제주시 구좌읍 세화2길 2, 1층 제1호","세화땡김 제주특별자치도 제주시 구좌읍 세화2길 2, 1층 제1호",세화리 1538-10,"세화2길 2,",126.855370407,33.523307478
150,늘보의작업실,2022-07-11,영업,제주특별자치도 제주시 구좌읍 종달리 1029-1,"제주특별자치도 제주시 구좌읍 종달로1길 36-1, 1층","늘보의작업실 제주특별자치도 제주시 구좌읍 종달로1길 36-1, 1층",종달리 1029-1,"종달로1길 36-1,",126.899631233,33.495823276
151,세민,2022-08-01,영업,제주특별자치도 제주시 구좌읍 송당리 2764-1 제주아트랜드,"제주특별자치도 제주시 구좌읍 번영로 2172-80, 제주아트랜드 1층 1호","세민 제주특별자치도 제주시 구좌읍 번영로 2172-80, 제주아트랜드 1층 1호",송당리 2764-1,"번영로 2172-80,",126.743049403,33.424106037
152,다옵서제주구좌월정본점,2022-07-12,영업,제주특별자치도 제주시 구좌읍 월정리 560,"제주특별자치도 제주시 구좌읍 월정3길 53-17, 2층","다옵서제주구좌월정본점 제주특별자치도 제주시 구좌읍 월정3길 53-17, 2층",월정리 560,"월정3길 53-17,",126.794366689,33.556490161
153,사계절팟타이,2022-07-12,영업,제주특별자치도 제주시 구좌읍 세화리 1520-1,"제주특별자치도 제주시 구좌읍 구좌로 35, 1층","사계절팟타이 제주특별자치도 제주시 구좌읍 구좌로 35, 1층",세화리 1520-1,"구좌로 35,",126.855395300,33.523590767
154,송당퐁닭송당퐁당,2022-08-25,영업,제주특별자치도 제주시 구좌읍 송당리 1389-4,"제주특별자치도 제주시 구좌읍 중산간동로 2281-3, 나호","송당퐁닭송당퐁당 제주특별자치도 제주시 구좌읍 중산간동로 2281-3, 나호",송당리 1389-4,"중산간동로 2281-3,",126.786435776,33.471698929
155,제주흑돈도리,2022-08-17,영업,제주특별자치도 제주시 구좌읍 세화리 1368,"제주특별자치도 제주시 구좌읍 구좌로 91, 1층 104호","제주흑돈도리 제주특별자치도 제주시 구좌읍 구좌로 91, 1층 104호",세화리 1368,"구좌로 91,",126.860029302,33.521213284
156,평대반점,2022-08-12,영업,제주특별자치도 제주시 구좌읍 평대리 2031-35,"제주특별자치도 제주시 구좌읍 해맞이해안로 1140, 1층","평대반점 제주특별자치도 제주시 구좌읍 해맞이해안로 1140, 1층",평대리 2031-35,"해맞이해안로 1140,",126.840233718,33.536725733
157,릴로앤떼오,2022-08-09,영업,제주특별자치도 제주시 구좌읍 하도리 53-39,제주특별자치도 제주시 구좌읍 하도13길 63,릴로앤떼오 제주특별자치도 제주시 구좌읍 하도13길 63,하도리 53-39,하도13길 63,126.892907718,33.510858490
158,깅이와바당,2021-01-12,영업,제주특별자치도 제주시 구좌읍 평대리 584-1,"제주특별자치도 제주시 구좌읍 평대7길 34, 1,2층","깅이와바당 제주특별자치도 제주시 구좌읍 평대7길 34, 1,2층",평대리 584-1,"평대7길 34,",0,0
159,행원별당,2021-01-05,영업,제주특별자치도 제주시 구좌읍 행원리 1484,"제주특별자치도 제주시 구좌읍 행원로7길 23-12, 1층","행원별당 제주특별자치도 제주시 구좌읍 행원로7길 23-12, 1층",행원리 1484,"행원로7길 23-12,",126.806543120,33.556297812
160,제주로움,2021-01-04,영업,제주특별자치도 제주시 구좌읍 월정리 278,"제주특별자치도 제주시 구좌읍 월정3길 14, 2층","제주로움 제주특별자치도 제주시 구좌읍 월정3길 14, 2층",월정리 278,"월정3길 14,",126.792235481,33.552687280
161,월정리곳간,2021-01-27,영업,제주특별자치도 제주시 구좌읍 행원리 1482,"제주특별자치도 제주시 구좌읍 해맞이해안로 584-2, 1층","월정리곳간 제주특별자치도 제주시 구좌읍 해맞이해안로 584-2, 1층",행원리 1482,"해맞이해안로 584-2,",126.806841938,33.556278685
162,부가네얼큰이구좌세화점,2021-01-06,영업,제주특별자치도 제주시 구좌읍 평대리 151-5,제주특별자치도 제주시 구좌읍 구좌로 8,부가네얼큰이구좌세화점 제주특별자치도 제주시 구좌읍 구좌로 8,평대리 151-5,구좌로 8,126.852136765,33.523382714
163,빗소리,2021-02-08,영업,제주특별자치도 제주시 구좌읍 김녕리 1207-1,"제주특별자치도 제주시 구좌읍 김녕로 151, 1층","빗소리 제주특별자치도 제주시 구좌읍 김녕로 151, 1층",김녕리 1207-1,"김녕로 151,",126.753956125,33.555671304
164,토끼가아이스크림먹고가래,2022-05-11,영업,제주특별자치도 제주시 구좌읍 월정리 661-1,"제주특별자치도 제주시 구좌읍 해맞이해안로 420, 1층","토끼가아이스크림먹고가래 제주특별자치도 제주시 구좌읍 해맞이해안로 420, 1층",월정리 661-1,"해맞이해안로 420,",126.794228037,33.558552178
165,아이스크림크라켄그리고정석농장,2022-05-02,영업,제주특별자치도 제주시 구좌읍 월정리 33,"제주특별자치도 제주시 구좌읍 해맞이해안로 480-1, 1~2층 114호","아이스크림크라켄그리고정석농장 제주특별자치도 제주시 구좌읍 해맞이해안로 480-1, 1~2층 114호",월정리 33,"해맞이해안로 480-1,",126.798161213,33.554509606
166,내손에쏙물회제주,2022-06-23,영업,제주특별자치도 제주시 구좌읍 평대리 2031-34,"제주특별자치도 제주시 구좌읍 해맞이해안로 1142, 1층","내손에쏙물회제주 제주특별자치도 제주시 구좌읍 해맞이해안로 1142, 1층",평대리 2031-34,"해맞이해안로 1142,",126.840303346,33.536583640
167,제주핀서프,2022-06-08,영업,제주특별자치도 제주시 구좌읍 월정리 5-1,"제주특별자치도 제주시 구좌읍 해맞이해안로 470, 2층","제주핀서프 제주특별자치도 제주시 구좌읍 해맞이해안로 470, 2층",월정리 5-1,"해맞이해안로 470,",126.796705122,33.555141001
168,풀잎들,2022-06-08,영업,제주특별자치도 제주시 구좌읍 세화리 1415-2,"제주특별자치도 제주시 구좌읍 구좌로 56, 1,2층","풀잎들 제주특별자치도 제주시 구좌읍 구좌로 56, 1,2층",세화리 1415-2,"구좌로 56,",126.857272556,33.522846589
169,연인카페,2022-06-08,영업,제주특별자치도 제주시 구좌읍 세화리 1418-8,"제주특별자치도 제주시 구좌읍 세화4길 5, 1층","연인카페 제주특별자치도 제주시 구좌읍 세화4길 5, 1층",세화리 1418-8,"세화4길 5,",126.856298842,33.522659513
170,롱플레이,2022-05-24,영업,제주특별자치도 제주시 구좌읍 동복리 1456-1,"제주특별자치도 제주시 구좌읍 동복로 44, 1층","롱플레이 제주특별자치도 제주시 구좌읍 동복로 44, 1층",동복리 1456-1,"동복로 44,",126.710952953,33.553067826
171,하이하이볼,2022-06-29,영업,제주특별자치도 제주시 구좌읍 월정리 417,"제주특별자치도 제주시 구좌읍 월정1길 55, 1층","하이하이볼 제주특별자치도 제주시 구좌읍 월정1길 55, 1층",월정리 417,"월정1길 55,",126.792677514,33.556152449
172,버거상점,2022-04-28,영업,제주특별자치도 제주시 구좌읍 월정리 539,"제주특별자치도 제주시 구좌읍 해맞이해안로 460, 1층","버거상점 제주특별자치도 제주시 구좌읍 해맞이해안로 460, 1층",월정리 539,"해맞이해안로 460,",126.795784455,33.555582869
173,구야술장,2022-06-07,영업,제주특별자치도 제주시 구좌읍 월정리 536-4,"제주특별자치도 제주시 구좌읍 해맞이해안로 462, 1층","구야술장 제주특별자치도 제주시 구좌읍 해맞이해안로 462, 1층",월정리 536-4,"해맞이해안로 462,",126.796039952,33.555523529
174,디사이드온,2022-05-30,영업,제주특별자치도 제주시 구좌읍 종달리 565-55,"제주특별자치도 제주시 구좌읍 종달로1길 123, 1층","디사이드온 제주특별자치도 제주시 구좌읍 종달로1길 123, 1층",종달리 565-55,"종달로1길 123,",126.908251046,33.496342947
175,채정하,2022-06-02,영업,제주특별자치도 제주시 구좌읍 평대리 128-1,"제주특별자치도 제주시 구좌읍 일주동로 3103, 1층","채정하 제주특별자치도 제주시 구좌읍 일주동로 3103, 1층",평대리 128-1,"일주동로 3103,",126.851411713,33.523774528
176,산지해장국세화점,2022-06-02,영업,제주특별자치도 제주시 구좌읍 평대리 3349-6 가온누리,"제주특별자치도 제주시 구좌읍 세평항로 39, A동 1층 101호 (가온누리)","산지해장국세화점 제주특별자치도 제주시 구좌읍 세평항로 39, A동 1층 101호 (가온누리)",평대리 3349-6,"세평항로 39,",126.854624002,33.526757734
177,보롬창고,2022-06-03,영업,제주특별자치도 제주시 구좌읍 종달리 480-3,"제주특별자치도 제주시 구좌읍 종달항길 3, 1층","보롬창고 제주특별자치도 제주시 구좌읍 종달항길 3, 1층",종달리 480-3,"종달항길 3,",126.910843164,33.497815464
178,공회당,2022-06-03,영업,제주특별자치도 제주시 구좌읍 종달리 907,"제주특별자치도 제주시 구좌읍 종달로5길 33-1, 1층","공회당 제주특별자치도 제주시 구좌읍 종달로5길 33-1, 1층",종달리 907,"종달로5길 33-1,",126.899978398,33.493383506
179,평대코지,2022-06-21,영업,제주특별자치도 제주시 구좌읍 평대리 2031-36,"제주특별자치도 제주시 구좌읍 해맞이해안로 1138, 1층","평대코지 제주특별자치도 제주시 구좌읍 해맞이해안로 1138, 1층",평대리 2031-36,"해맞이해안로 1138,",126.840098160,33.536777219
180,샌드웨이브,2022-06-21,영업,제주특별자치도 제주시 구좌읍 월정리 33,"제주특별자치도 제주시 구좌읍 해맞이해안로 480-1, 1~2층 105호","샌드웨이브 제주특별자치도 제주시 구좌읍 해맞이해안로 480-1, 1~2층 105호",월정리 33,"해맞이해안로 480-1,",126.798161213,33.554509606
181,오늘의감정오감,2022-05-23,영업,제주특별자치도 제주시 구좌읍 세화리 22,"제주특별자치도 제주시 구좌읍 세화11길 12, 1층","오늘의감정오감 제주특별자치도 제주시 구좌읍 세화11길 12, 1층",세화리 22,"세화11길 12,",126.861124822,33.521890472
182,제이팜정육식당송당점,2023-09-19,영업,제주특별자치도 제주시 구좌읍 송당리 2635-3,"제주특별자치도 제주시 구좌읍 비자림로 1197, 1층","제이팜정육식당송당점 제주특별자치도 제주시 구좌읍 비자림로 1197, 1층",송당리 2635-3,"비자림로 1197,",126.733348101,33.434985368
183,지웅,2023-09-25,영업,제주특별자치도 제주시 구좌읍 종달리 1732-1,"제주특별자치도 제주시 구좌읍 종달로3길 4, 1층","지웅 제주특별자치도 제주시 구좌읍 종달로3길 4, 1층",종달리 1732-1,"종달로3길 4,",126.898048489,33.494942501
184,휘,2023-09-25,영업,제주특별자치도 제주시 구좌읍 세화리 1477-12,"제주특별자치도 제주시 구좌읍 세화7길 17-11, 1층","휘 제주특별자치도 제주시 구좌읍 세화7길 17-11, 1층",세화리 1477-12,"세화7길 17-11,",126.859118362,33.524122738
185,버거캐럿,2023-09-15,영업,제주특별자치도 제주시 구좌읍 월정리 689,"제주특별자치도 제주시 구좌읍 월정중길 30, 1층","버거캐럿 제주특별자치도 제주시 구좌읍 월정중길 30, 1층",월정리 689,"월정중길 30,",126.792427581,33.557879298
186,아미치카페,2023-07-14,영업,제주특별자치도 제주시 구좌읍 송당리 산 285,"제주특별자치도 제주시 구좌읍 번영로 2088-3, 1층","아미치카페 제주특별자치도 제주시 구좌읍 번영로 2088-3, 1층",송당리 산,"번영로 2088-3,",126.743369266,33.432311792
187,그림정원주식회사,2023-08-01,영업,제주특별자치도 제주시 구좌읍 하도리 2988,"제주특별자치도 제주시 구좌읍 해맞이해안로 1586, 1층","그림정원주식회사 제주특별자치도 제주시 구좌읍 해맞이해안로 1586, 1층",하도리 2988,"해맞이해안로 1586,",126.872781031,33.528600062
188,페도라드립커피,2023-07-18,영업,제주특별자치도 제주시 구좌읍 행원리 92,"제주특별자치도 제주시 구좌읍 해맞이해안로 820, 2동 1층","페도라드립커피 제주특별자치도 제주시 구좌읍 해맞이해안로 820, 2동 1층",행원리 92,"해맞이해안로 820,",126.824852382,33.554744731
189,더모먼트,2023-07-24,영업,제주특별자치도 제주시 구좌읍 김녕리 1189-1,"제주특별자치도 제주시 구좌읍 김녕로22길 3, 1~2층","더모먼트 제주특별자치도 제주시 구좌읍 김녕로22길 3, 1~2층",김녕리 1189-1,"김녕로22길 3,",126.756527064,33.555872760
190,탐멜로우,2023-09-11,영업,제주특별자치도 제주시 구좌읍 세화리 1511-4,"제주특별자치도 제주시 구좌읍 세화3길 17, 1~2층","탐멜로우 제주특별자치도 제주시 구좌읍 세화3길 17, 1~2층",세화리 1511-4,"세화3길 17,",126.855673560,33.525016234
191,사계절다방,2023-09-11,영업,제주특별자치도 제주시 구좌읍 세화리 1452-1,"제주특별자치도 제주시 구좌읍 세화3길 4, 1층","사계절다방 제주특별자치도 제주시 구좌읍 세화3길 4, 1층",세화리 1452-1,"세화3길 4,",126.856005848,33.523753227
192,빽다방제주월정리점,2023-07-17,영업,제주특별자치도 제주시 구좌읍 월정리 545,"제주특별자치도 제주시 구좌읍 월정3길 60, 1층","빽다방제주월정리점 제주특별자치도 제주시 구좌읍 월정3길 60, 1층",월정리 545,"월정3길 60,",126.795360138,33.555868072
193,씨유제주평대사거리점,2023-08-22,영업,제주특별자치도 제주시 구좌읍 평대리 648,"제주특별자치도 제주시 구좌읍 일주동로 2973, 1층","씨유제주평대사거리점 제주특별자치도 제주시 구좌읍 일주동로 2973, 1층",평대리 648,"일주동로 2973,",126.839532843,33.529312704
194,비자분식,2023-07-19,영업,제주특별자치도 제주시 구좌읍 평대리 3186,"제주특별자치도 제주시 구좌읍 다랑쉬북로 34, 주2동 1층","비자분식 제주특별자치도 제주시 구좌읍 다랑쉬북로 34, 주2동 1층",평대리 3186,"다랑쉬북로 34,",126.810466993,33.492936027
195,씨유제주번영로점,2023-07-21,영업,제주특별자치도 제주시 구좌읍 송당리 2600-7,"제주특별자치도 제주시 구좌읍 번영로 1980, 제1동 1층","씨유제주번영로점 제주특별자치도 제주시 구좌읍 번영로 1980, 제1동 1층",송당리 2600-7,"번영로 1980,",126.732979949,33.437014915
196,지에스대천교차로점,2023-09-12,영업,제주특별자치도 제주시 구좌읍 송당리 2608,"제주특별자치도 제주시 구좌읍 비자림로 1219, 1층 1호","지에스대천교차로점 제주특별자치도 제주시 구좌읍 비자림로 1219, 1층 1호",송당리 2608,"비자림로 1219,",126.735164208,33.435655875
197,더벤티제주세화점,2023-06-12,영업,제주특별자치도 제주시 구좌읍 세화리 1419-10,"제주특별자치도 제주시 구좌읍 구좌로 50, 1층","더벤티제주세화점 제주특별자치도 제주시 구좌읍 구좌로 50, 1층",세화리 1419-10,"구좌로 50,",126.856726119,33.522990745
198,씨유제주김녕동성점,2022-02-11,영업,제주특별자치도 제주시 구좌읍 김녕리 1206-4,제주특별자치도 제주시 구좌읍 김녕로 157,씨유제주김녕동성점 제주특별자치도 제주시 구좌읍 김녕로 157,김녕리 1206-4,김녕로 157,126.754632533,33.555825578
199,마하나임카페,2022-04-05,영업,제주특별자치도 제주시 구좌읍 하도리 429-6,"제주특별자치도 제주시 구좌읍 해맞이해안로 1796, 1층","마하나임카페 제주특별자치도 제주시 구좌읍 해맞이해안로 1796, 1층",하도리 429-6,"해맞이해안로 1796,",126.893302529,33.525523903
200,제이문,2022-04-05,영업,제주특별자치도 제주시 구좌읍 행원리 647,"제주특별자치도 제주시 구좌읍 행원로7길 30-16, 1층","제이문 제주특별자치도 제주시 구좌읍 행원로7길 30-16, 1층",행원리 647,"행원로7길 30-16,",126.808553733,33.555346512
201,칠분의오,2022-04-06,영업,제주특별자치도 제주시 구좌읍 행원리 574,"제주특별자치도 제주시 구좌읍 해맞이해안로 650-20, 111동 1층","칠분의오 제주특별자치도 제주시 구좌읍 해맞이해안로 650-20, 111동 1층",행원리 574,"해맞이해안로 650-20,",126.813488536,33.558497933
202,조남매구움과자,2022-02-08,영업,제주특별자치도 제주시 구좌읍 평대리 2940,"제주특별자치도 제주시 구좌읍 다랑쉬북로 61, 201동 1층","조남매구움과자 제주특별자치도 제주시 구좌읍 다랑쉬북로 61, 201동 1층",평대리 2940,"다랑쉬북로 61,",126.813506191,33.492390510
203,발리인제주,2022-02-08,영업,제주특별자치도 제주시 구좌읍 종달리 572-10,"제주특별자치도 제주시 구좌읍 해맞이해안로 2326, 1층","발리인제주 제주특별자치도 제주시 구좌읍 해맞이해안로 2326, 1층",종달리 572-10,"해맞이해안로 2326,",126.909032229,33.493420349
204,크럼스쿠키,2022-01-27,영업,제주특별자치도 제주시 구좌읍 한동리 10-108,"제주특별자치도 제주시 구좌읍 계룡길 36-1, 1층","크럼스쿠키 제주특별자치도 제주시 구좌읍 계룡길 36-1, 1층",한동리 10-108,"계룡길 36-1,",126.835162573,33.539025008
205,앰퍼샌드,2022-01-27,영업,제주특별자치도 제주시 구좌읍 김녕리 6107-1,"제주특별자치도 제주시 구좌읍 구좌해안로 178, 1층","앰퍼샌드 제주특별자치도 제주시 구좌읍 구좌해안로 178, 1층",김녕리 6107-1,"구좌해안로 178,",126.731388802,33.559341893
206,하토우커피로스터스,2022-02-25,영업,제주특별자치도 제주시 구좌읍 하도리 3296-2,"제주특별자치도 제주시 구좌읍 구좌로 188-1, 제2동 1층","하토우커피로스터스 제주특별자치도 제주시 구좌읍 구좌로 188-1, 제2동 1층",하도리 3296-2,"구좌로 188-1,",126.870136686,33.520026452
207,카페까르네,2022-03-03,영업,제주특별자치도 제주시 구좌읍 상도리 408-4,"제주특별자치도 제주시 구좌읍 상하도길 39-1, 제2동 1층","카페까르네 제주특별자치도 제주시 구좌읍 상하도길 39-1, 제2동 1층",상도리 408-4,"상하도길 39-1,",126.868178771,33.515903578
208,소농로드,2022-03-31,영업,제주특별자치도 제주시 구좌읍 평대리 1467-6,"제주특별자치도 제주시 구좌읍 비자림로 2615, 1층","소농로드 제주특별자치도 제주시 구좌읍 비자림로 2615, 1층",평대리 1467-6,"비자림로 2615,",126.834449345,33.519410189
209,소요카페,2022-02-07,영업,제주특별자치도 제주시 구좌읍 김녕리 1274,"제주특별자치도 제주시 구좌읍 김녕로1길 89-8, 2층","소요카페 제주특별자치도 제주시 구좌읍 김녕로1길 89-8, 2층",김녕리 1274,"김녕로1길 89-8,",126.753118294,33.557591016
210,제주농부여행,2023-01-31,영업,제주특별자치도 제주시 구좌읍 송당리 874,"제주특별자치도 제주시 구좌읍 송당5길 68-118, 1층","제주농부여행 제주특별자치도 제주시 구좌읍 송당5길 68-118, 1층",송당리 874,"송당5길 68-118,",126.787659614,33.477099081
211,송당빌레,2022-01-12,영업,제주특별자치도 제주시 구좌읍 송당리 1530-4,제주특별자치도 제주시 구좌읍 송당2길 13,송당빌레 제주특별자치도 제주시 구좌읍 송당2길 13,송당리 1530-4,송당2길 13,126.782751263,33.470585602
212,오에이치디,2022-01-17,영업,제주특별자치도 제주시 구좌읍 덕천리 1252,"제주특별자치도 제주시 구좌읍 중산간동로 1875, 제2동","오에이치디 제주특별자치도 제주시 구좌읍 중산간동로 1875, 제2동",덕천리 1252,"중산간동로 1875,",126.748300633,33.482932393
213,카페봄봄세화점,2021-12-10,영업,제주특별자치도 제주시 구좌읍 세화리 3648-5,"제주특별자치도 제주시 구좌읍 세평항로 12, 1층","카페봄봄세화점 제주특별자치도 제주시 구좌읍 세평항로 12, 1층",세화리 3648-5,"세평항로 12,",126.853622325,33.524532606
214,카페오투힐,2023-05-09,영업,제주특별자치도 제주시 구좌읍 하도리 2989,"제주특별자치도 제주시 구좌읍 해맞이해안로 1588-1, 제1동 2층","카페오투힐 제주특별자치도 제주시 구좌읍 해맞이해안로 1588-1, 제1동 2층",하도리 2989,"해맞이해안로 1588-1,",126.873117171,33.528437658
215,필라테스앤나,2023-05-02,영업,제주특별자치도 제주시 구좌읍 송당리 898-7,"제주특별자치도 제주시 구좌읍 송당5길 44, 2층","필라테스앤나 제주특별자치도 제주시 구좌읍 송당5길 44, 2층",송당리 898-7,"송당5길 44,",126.784969659,33.475312769
216,평대여카페,2023-04-10,영업,제주특별자치도 제주시 구좌읍 평대리 2018,"제주특별자치도 제주시 구좌읍 해맞이해안로 1208, 2층","평대여카페 제주특별자치도 제주시 구좌읍 해맞이해안로 1208, 2층",평대리 2018,"해맞이해안로 1208,",126.843059861,33.533636202
217,세븐일레븐제주덕천리점,2023-04-21,영업,제주특별자치도 제주시 구좌읍 덕천리 1325,"제주특별자치도 제주시 구좌읍 중산간동로 1909, 제2동 1층","세븐일레븐제주덕천리점 제주특별자치도 제주시 구좌읍 중산간동로 1909, 제2동 1층",덕천리 1325,"중산간동로 1909,",126.751266137,33.481563917
218,탐앤탐스블랙제주김녕점,2023-04-17,영업,제주특별자치도 제주시 구좌읍 김녕리 4195,"제주특별자치도 제주시 구좌읍 일주동로 1921, 1층","탐앤탐스블랙제주김녕점 제주특별자치도 제주시 구좌읍 일주동로 1921, 1층",김녕리 4195,"일주동로 1921,",126.737104740,33.555384610
219,인생흑돼지,2023-04-14,영업,제주특별자치도 제주시 구좌읍 김녕리 2566,"제주특별자치도 제주시 구좌읍 김녕남2길 6, 1층","인생흑돼지 제주특별자치도 제주시 구좌읍 김녕남2길 6, 1층",김녕리 2566,"김녕남2길 6,",126.743263999,33.550832990
220,마이리틀테라스,2023-04-05,영업,제주특별자치도 제주시 구좌읍 동복리 1647,"제주특별자치도 제주시 구좌읍 동복로 5, 1층","마이리틀테라스 제주특별자치도 제주시 구좌읍 동복로 5, 1층",동복리 1647,"동복로 5,",126.706871862,33.553494486
221,땡초김밥싱싱왕만두김녕점,2021-10-05,영업,제주특별자치도 제주시 구좌읍 김녕리 3614,"제주특별자치도 제주시 구좌읍 김녕로 79-2, 1층","땡초김밥싱싱왕만두김녕점 제주특별자치도 제주시 구좌읍 김녕로 79-2, 1층",김녕리 3614,"김녕로 79-2,",126.746726855,33.554455274
222,오늘봄,2021-11-30,영업,제주특별자치도 제주시 구좌읍 월정리 496,제주특별자치도 제주시 구좌읍 월정5길 47,오늘봄 제주특별자치도 제주시 구좌읍 월정5길 47,월정리 496,월정5길 47,126.794759614,33.554525638
223,불타는여고24시떡볶이구좌성산점,2021-10-25,영업,제주특별자치도 제주시 구좌읍 종달리 2762,"제주특별자치도 제주시 구좌읍 일주동로 3653-1, 2층","불타는여고24시떡볶이구좌성산점 제주특별자치도 제주시 구좌읍 일주동로 3653-1, 2층",종달리 2762,"일주동로 3653-1,",126.892453208,33.498690550
224,리치망고월정점,2021-10-26,영업,제주특별자치도 제주시 구좌읍 행원리 653-10,"제주특별자치도 제주시 구좌읍 해맞이해안로 610, 1~2층","리치망고월정점 제주특별자치도 제주시 구좌읍 해맞이해안로 610, 1~2층",행원리 653-10,"해맞이해안로 610,",126.809829722,33.556166090
225,꼬스덴뇨,2021-10-22,영업,제주특별자치도 제주시 구좌읍 종달리 150,제주특별자치도 제주시 구좌읍 해맞이해안로 2080,꼬스덴뇨 제주특별자치도 제주시 구좌읍 해맞이해안로 2080,종달리 150,해맞이해안로 2080,126.905254316,33.509870202
226,씨유제주에코비자림점,2021-10-28,영업,제주특별자치도 제주시 구좌읍 평대리 3212,제주특별자치도 제주시 구좌읍 비자림로 2235-2,씨유제주에코비자림점 제주특별자치도 제주시 구좌읍 비자림로 2235-2,평대리 3212,비자림로 2235-2,126.808035801,33.494983669
227,오가닉제주,2021-10-27,영업,제주특별자치도 제주시 구좌읍 세화리 1467-2,"제주특별자치도 제주시 구좌읍 구좌로 53, 1층","오가닉제주 제주특별자치도 제주시 구좌읍 구좌로 53, 1층",세화리 1467-2,"구좌로 53,",126.857251161,33.523079061
228,돌담너머당근,2021-10-27,영업,제주특별자치도 제주시 구좌읍 평대리 2033-6,"제주특별자치도 제주시 구좌읍 대수길 22, 1층","돌담너머당근 제주특별자치도 제주시 구좌읍 대수길 22, 1층",평대리 2033-6,"대수길 22,",126.838269652,33.536479933
229,카페세화당,2021-12-07,영업,제주특별자치도 제주시 구좌읍 하도리 2989,"제주특별자치도 제주시 구좌읍 해맞이해안로 1588-1, 제1동 1층","카페세화당 제주특별자치도 제주시 구좌읍 해맞이해안로 1588-1, 제1동 1층",하도리 2989,"해맞이해안로 1588-1,",126.873117171,33.528437658
230,음식이탐나,2021-12-07,영업,제주특별자치도 제주시 구좌읍 송당리 1853-3,"제주특별자치도 제주시 구좌읍 송당서3길 15-11, 1층","음식이탐나 제주특별자치도 제주시 구좌읍 송당서3길 15-11, 1층",송당리 1853-3,"송당서3길 15-11,",126.769736950,33.465881687
231,제주해바라기카페공방,2021-11-11,영업,제주특별자치도 제주시 구좌읍 김녕리 1259,제주특별자치도 제주시 구좌읍 김녕로17길 23,제주해바라기카페공방 제주특별자치도 제주시 구좌읍 김녕로17길 23,김녕리 1259,김녕로17길 23,126.753442808,33.557356371
232,카페클로젯,2021-09-30,영업,제주특별자치도 제주시 구좌읍 행원리 1484,"제주특별자치도 제주시 구좌읍 행원로7길 23-12, 1층","카페클로젯 제주특별자치도 제주시 구좌읍 행원로7길 23-12, 1층",행원리 1484,"행원로7길 23-12,",126.806543120,33.556297812
233,쿡지니어,2023-03-23,영업,제주특별자치도 제주시 구좌읍 송당리 898-7,"제주특별자치도 제주시 구좌읍 송당5길 44, 1층","쿡지니어 제주특별자치도 제주시 구좌읍 송당5길 44, 1층",송당리 898-7,"송당5길 44,",126.784969659,33.475312769
234,그레잇,2023-03-09,영업,제주특별자치도 제주시 구좌읍 세화리 1536-5,"제주특별자치도 제주시 구좌읍 구좌로 24, 1층","그레잇 제주특별자치도 제주시 구좌읍 구좌로 24, 1층",세화리 1536-5,"구좌로 24,",126.854126490,33.523404928
235,씨유제주블루스프링점,2023-03-27,영업,제주특별자치도 제주시 구좌읍 김녕리 5993,"제주특별자치도 제주시 구좌읍 일주동로 1845, 1층 제4호","씨유제주블루스프링점 제주특별자치도 제주시 구좌읍 일주동로 1845, 1층 제4호",김녕리 5993,"일주동로 1845,",126.728575724,33.556436268
236,카페알지니,2023-03-27,영업,제주특별자치도 제주시 구좌읍 송당리 897-9,"제주특별자치도 제주시 구좌읍 송당5길 62-1, 1층","카페알지니 제주특별자치도 제주시 구좌읍 송당5길 62-1, 1층",송당리 897-9,"송당5길 62-1,",126.784982449,33.476746416
237,사르르제주,2021-08-10,영업,제주특별자치도 제주시 구좌읍 행원리 730-1,"제주특별자치도 제주시 구좌읍 행원로9길 5, 1층 제2호","사르르제주 제주특별자치도 제주시 구좌읍 행원로9길 5, 1층 제2호",행원리 730-1,"행원로9길 5,",126.808099758,33.553576393
238,몽그레,2021-09-16,영업,제주특별자치도 제주시 구좌읍 월정리 670-3,"제주특별자치도 제주시 구좌읍 해맞이해안로 400, 1~2층","몽그레 제주특별자치도 제주시 구좌읍 해맞이해안로 400, 1~2층",월정리 670-3,"해맞이해안로 400,",126.792704845,33.559561502
239,세븐일레븐제주행원사거리점,2021-07-13,영업,제주특별자치도 제주시 구좌읍 행원리 1144,"제주특별자치도 제주시 구좌읍 일주동로 2592, 1층","세븐일레븐제주행원사거리점 제주특별자치도 제주시 구좌읍 일주동로 2592, 1층",행원리 1144,"일주동로 2592,",126.804311201,33.545646848
240,디어브리즈,2021-09-24,영업,제주특별자치도 제주시 구좌읍 월정리 491,"제주특별자치도 제주시 구좌읍 월정3길 42, 1층","디어브리즈 제주특별자치도 제주시 구좌읍 월정3길 42, 1층",월정리 491,"월정3길 42,",126.794060682,33.554744088
241,세화카페텐더럽,2021-09-27,영업,제주특별자치도 제주시 구좌읍 세화리 1499,"제주특별자치도 제주시 구좌읍 해맞이해안로 1426, 2층","세화카페텐더럽 제주특별자치도 제주시 구좌읍 해맞이해안로 1426, 2층",세화리 1499,"해맞이해안로 1426,",126.857707074,33.525222254
242,바람에스치운다,2021-07-05,영업,제주특별자치도 제주시 구좌읍 하도리 368-6,"제주특별자치도 제주시 구좌읍 문주란로 121-1, 1층","바람에스치운다 제주특별자치도 제주시 구좌읍 문주란로 121-1, 1층",하도리 368-6,"문주란로 121-1,",126.894165779,33.522290264
243,송당뜰,2021-08-13,영업,제주특별자치도 제주시 구좌읍 송당리 1912-2,"제주특별자치도 제주시 구좌읍 송당6길 43-4, 1층","송당뜰 제주특별자치도 제주시 구좌읍 송당6길 43-4, 1층",송당리 1912-2,"송당6길 43-4,",126.784609486,33.466845005
244,블루보틀커피코리아제주,2021-07-23,영업,제주특별자치도 제주시 구좌읍 송당리 2656-6,"제주특별자치도 제주시 구좌읍 번영로 2133-30, 에이동 1층","블루보틀커피코리아제주 제주특별자치도 제주시 구좌읍 번영로 2133-30, 에이동 1층",송당리 2656-6,"번영로 2133-30,",126.750822245,33.433279126
245,종달이야기,2022-12-09,영업,제주특별자치도 제주시 구좌읍 종달리 611-2,"제주특별자치도 제주시 구좌읍 해맞이해안로 2350, 1층","종달이야기 제주특별자치도 제주시 구좌읍 해맞이해안로 2350, 1층",종달리 611-2,"해맞이해안로 2350,",126.910066400,33.491448364
246,도우보이,2023-01-02,영업,제주특별자치도 제주시 구좌읍 송당리 351-5,"제주특별자치도 제주시 구좌읍 비자림로 2136, 1층","도우보이 제주특별자치도 제주시 구좌읍 비자림로 2136, 1층",송당리 351-5,"비자림로 2136,",126.799158171,33.490710550
247,공간마트휴게소,2023-01-03,영업,제주특별자치도 제주시 구좌읍 평대리 3346-5,"제주특별자치도 제주시 구좌읍 세평항로 49, 1층","공간마트휴게소 제주특별자치도 제주시 구좌읍 세평항로 49, 1층",평대리 3346-5,"세평항로 49,",126.855238120,33.527681258
248,레이오버,2023-01-18,영업,제주특별자치도 제주시 구좌읍 행원리 575,"제주특별자치도 제주시 구좌읍 해맞이해안로 648, 1~2층","레이오버 제주특별자치도 제주시 구좌읍 해맞이해안로 648, 1~2층",행원리 575,"해맞이해안로 648,",126.812387213,33.558618341
249,온당,2023-01-05,영업,제주특별자치도 제주시 구좌읍 김녕리 2216,"제주특별자치도 제주시 구좌읍 김녕로 93, 1층","온당 제주특별자치도 제주시 구좌읍 김녕로 93, 1층",김녕리 2216,"김녕로 93,",126.748038411,33.554335225
250,제주풀씨,2022-12-23,영업,제주특별자치도 제주시 구좌읍 세화리 799-4,"제주특별자치도 제주시 구좌읍 세화합전2길 10-2, 1층","제주풀씨 제주특별자치도 제주시 구좌읍 세화합전2길 10-2, 1층",세화리 799-4,"세화합전2길 10-2,",126.858879383,33.513210336
251,퐁당퐁당,2021-04-28,영업,제주특별자치도 제주시 구좌읍 동복리 611,"제주특별자치도 제주시 구좌읍 구좌해안로 52-29, 가동 1층","퐁당퐁당 제주특별자치도 제주시 구좌읍 구좌해안로 52-29, 가동 1층",동복리 611,"구좌해안로 52-29,",126.721337358,33.555293699
252,하도기록,2021-05-28,영업,제주특별자치도 제주시 구좌읍 하도리 1091-62,"제주특별자치도 제주시 구좌읍 하도13길 30, 1층","하도기록 제주특별자치도 제주시 구좌읍 하도13길 30, 1층",하도리 1091-62,"하도13길 30,",126.889595379,33.510225720
253,파릇파릇파릇페,2021-05-11,영업,제주특별자치도 제주시 구좌읍 김녕리 2540,"제주특별자치도 제주시 구좌읍 김녕로4길 30, 1층","파릇파릇파릇페 제주특별자치도 제주시 구좌읍 김녕로4길 30, 1층",김녕리 2540,"김녕로4길 30,",126.744138801,33.552628184
254,인터포레스트,2021-06-09,영업,제주특별자치도 제주시 구좌읍 송당리 2092,"제주특별자치도 제주시 구좌읍 비자림로 1655, 1~2층","인터포레스트 제주특별자치도 제주시 구좌읍 비자림로 1655, 1~2층",송당리 2092,"비자림로 1655,",126.772377160,33.457257558
255,마요피갤러리,2021-05-27,영업,제주특별자치도 제주시 구좌읍 하도리 513-5,"제주특별자치도 제주시 구좌읍 하도동길 27-38, 1층","마요피갤러리 제주특별자치도 제주시 구좌읍 하도동길 27-38, 1층",하도리 513-5,"하도동길 27-38,",126.888431220,33.524435342
256,바보나무사진카페,2021-05-10,영업,제주특별자치도 제주시 구좌읍 하도리 429-11,"제주특별자치도 제주시 구좌읍 해맞이해안로 1800, 1층","바보나무사진카페 제주특별자치도 제주시 구좌읍 해맞이해안로 1800, 1층",하도리 429-11,"해맞이해안로 1800,",126.893524794,33.525177075
257,이층다방,2021-04-30,영업,제주특별자치도 제주시 구좌읍 김녕리 2540,"제주특별자치도 제주시 구좌읍 김녕로4길 30, 1층","이층다방 제주특별자치도 제주시 구좌읍 김녕로4길 30, 1층",김녕리 2540,"김녕로4길 30,",126.744138801,33.552628184
258,세븐일레븐제주한동마을점,2022-09-26,영업,제주특별자치도 제주시 구좌읍 한동리 1114,"제주특별자치도 제주시 구좌읍 한동로 34, 1층","세븐일레븐제주한동마을점 제주특별자치도 제주시 구좌읍 한동로 34, 1층",한동리 1114,"한동로 34,",129.345177221,36.110639423
259,소시오도넛,2022-10-07,영업,제주특별자치도 제주시 구좌읍 월정리 33-12,"제주특별자치도 제주시 구좌읍 해맞이해안로 486, 1층 103호","소시오도넛 제주특별자치도 제주시 구좌읍 해맞이해안로 486, 1층 103호",월정리 33-12,"해맞이해안로 486,",126.798871080,33.554723109
260,로이인더정글카밀라스,2022-10-17,영업,제주특별자치도 제주시 구좌읍 세화리 1413-2,"제주특별자치도 제주시 구좌읍 구좌로 60, 1층","로이인더정글카밀라스 제주특별자치도 제주시 구좌읍 구좌로 60, 1층",세화리 1413-2,"구좌로 60,",126.857420646,33.522466474
261,공간움놀깨,2022-10-20,영업,제주특별자치도 제주시 구좌읍 송당리 1545-1,"제주특별자치도 제주시 구좌읍 송당동2길 39, 나동 1층","공간움놀깨 제주특별자치도 제주시 구좌읍 송당동2길 39, 나동 1층",송당리 1545-1,"송당동2길 39,",126.781655754,33.469052649
262,씨유제주동복점,2021-04-23,영업,제주특별자치도 제주시 구좌읍 동복리 1690-1,"제주특별자치도 제주시 구좌읍 동복로 34, 1층","씨유제주동복점 제주특별자치도 제주시 구좌읍 동복로 34, 1층",동복리 1690-1,"동복로 34,",126.709844676,33.553269759
263,주말별장,2021-04-08,영업,제주특별자치도 제주시 구좌읍 덕천리 302,"제주특별자치도 제주시 구좌읍 월덕로 535, 1층","주말별장 제주특별자치도 제주시 구좌읍 월덕로 535, 1층",덕천리 302,"월덕로 535,",126.771848079,33.503588643
264,이드레,2021-02-18,영업,제주특별자치도 제주시 구좌읍 월정리 670-5,"제주특별자치도 제주시 구좌읍 해맞이해안로 402, 1층","이드레 제주특별자치도 제주시 구좌읍 해맞이해안로 402, 1층",월정리 670-5,"해맞이해안로 402,",126.792654436,33.559281301
265,시간을담다,2021-02-16,영업,제주특별자치도 제주시 구좌읍 평대리 579-8,"제주특별자치도 제주시 구좌읍 평대7길 20-1, 1층","시간을담다 제주특별자치도 제주시 구좌읍 평대7길 20-1, 1층",평대리 579-8,"평대7길 20-1,",126.843838995,33.529977722
266,의령소바천하뼈다귀전골앤찜,2021-03-22,영업,제주특별자치도 제주시 구좌읍 종달리 2762,"제주특별자치도 제주시 구좌읍 일주동로 3653-1, 1층","의령소바천하뼈다귀전골앤찜 제주특별자치도 제주시 구좌읍 일주동로 3653-1, 1층",종달리 2762,"일주동로 3653-1,",126.892453208,33.498690550
267,씨유제주세화리점,2021-04-21,영업,제주특별자치도 제주시 구좌읍 세화리 1228,"제주특별자치도 제주시 구좌읍 일주동로 3151, 가동 1층","씨유제주세화리점 제주특별자치도 제주시 구좌읍 일주동로 3151, 가동 1층",세화리 1228,"일주동로 3151,",126.855870761,33.521357740
268,주식회사장인더,2022-07-27,영업,제주특별자치도 제주시 구좌읍 김녕리 6160,"제주특별자치도 제주시 구좌읍 구좌해안로 140, 1~2층","주식회사장인더 제주특별자치도 제주시 구좌읍 구좌해안로 140, 1~2층",김녕리 6160,"구좌해안로 140,",126.727983084,33.559172256
269,부이크브루어스,2022-07-05,영업,제주특별자치도 제주시 구좌읍 행원리 814-2,"제주특별자치도 제주시 구좌읍 행원로9길 4, 1층","부이크브루어스 제주특별자치도 제주시 구좌읍 행원로9길 4, 1층",행원리 814-2,"행원로9길 4,",126.808279876,33.553381812
270,쓩쓩카페,2022-07-11,영업,제주특별자치도 제주시 구좌읍 하도리 1428-4,"제주특별자치도 제주시 구좌읍 문주란로 8, 1층","쓩쓩카페 제주특별자치도 제주시 구좌읍 문주란로 8, 1층",하도리 1428-4,"문주란로 8,",126.883295226,33.518383251
271,도리도리,2022-07-08,영업,제주특별자치도 제주시 구좌읍 하도리 468-6,"제주특별자치도 제주시 구좌읍 해맞이해안로 1766, 1~2층","도리도리 제주특별자치도 제주시 구좌읍 해맞이해안로 1766, 1~2층",하도리 468-6,"해맞이해안로 1766,",126.890548721,33.526767622
272,푸더매제주,2022-08-04,영업,제주특별자치도 제주시 구좌읍 송당리 2656-7,"제주특별자치도 제주시 구좌읍 번영로 2133-28, 1층","푸더매제주 제주특별자치도 제주시 구좌읍 번영로 2133-28, 1층",송당리 2656-7,"번영로 2133-28,",126.750447452,33.433205724
273,아이올레인포레스트,2022-08-12,영업,제주특별자치도 제주시 구좌읍 행원리 2895-4,"제주특별자치도 제주시 구좌읍 덕행로 359, 1층","아이올레인포레스트 제주특별자치도 제주시 구좌읍 덕행로 359, 1층",행원리 2895-4,"덕행로 359,",126.787764124,33.518368229
274,카페편린,2021-01-04,영업,제주특별자치도 제주시 구좌읍 상도리 1312-1,제주특별자치도 제주시 구좌읍 상도로 490,카페편린 제주특별자치도 제주시 구좌읍 상도로 490,상도리 1312-1,상도로 490,126.842825144,33.475698010
275,피노엔키오,2021-01-28,영업,제주특별자치도 제주시 구좌읍 김녕리 5974,"제주특별자치도 제주시 구좌읍 일주동로 1853, 1층","피노엔키오 제주특별자치도 제주시 구좌읍 일주동로 1853, 1층",김녕리 5974,"일주동로 1853,",126.729384929,33.556384011
276,수파서커스,2022-06-08,영업,제주특별자치도 제주시 구좌읍 월정리 33,"제주특별자치도 제주시 구좌읍 해맞이해안로 480-1, 1층 106호","수파서커스 제주특별자치도 제주시 구좌읍 해맞이해안로 480-1, 1층 106호",월정리 33,"해맞이해안로 480-1,",126.798161213,33.554509606
277,탐나는재주,2022-05-12,영업,제주특별자치도 제주시 구좌읍 세화리 1366-3,"제주특별자치도 제주시 구좌읍 세화12길 1, 3층","탐나는재주 제주특별자치도 제주시 구좌읍 세화12길 1, 3층",세화리 1366-3,"세화12길 1,",126.859273463,33.520827451
278,레프트핸더,2022-05-20,영업,제주특별자치도 제주시 구좌읍 상도리 471-25,"제주특별자치도 제주시 구좌읍 상도북2길 17-12, 1층","레프트핸더 제주특별자치도 제주시 구좌읍 상도북2길 17-12, 1층",상도리 471-25,"상도북2길 17-12,",126.864847040,33.520129382
279,헬시마켓,2022-05-20,영업,제주특별자치도 제주시 구좌읍 세화리 1477-15 세화팬션 숨비,"제주특별자치도 제주시 구좌읍 해맞이해안로 1460, 세화팬션 숨비 1층","헬시마켓 제주특별자치도 제주시 구좌읍 해맞이해안로 1460, 세화팬션 숨비 1층",세화리 1477-15,"해맞이해안로 1460,",126.861285142,33.524290706
280,이아,2022-05-02,영업,제주특별자치도 제주시 구좌읍 하도리 730-1,"제주특별자치도 제주시 구좌읍 하도7길 57, 1~2층","이아 제주특별자치도 제주시 구좌읍 하도7길 57, 1~2층",하도리 730-1,"하도7길 57,",126.889466391,33.515697716
281,고사리커피,2022-06-13,영업,제주특별자치도 제주시 구좌읍 송당리 1152-2,"제주특별자치도 제주시 구좌읍 중산간동로 2064, 1층","고사리커피 제주특별자치도 제주시 구좌읍 중산간동로 2064, 1층",송당리 1152-2,"중산간동로 2064,",126.764082988,33.473377289
282,발루다(주),2022-06-13,영업,제주특별자치도 제주시 구좌읍 평대리 3204-3,"제주특별자치도 제주시 구좌읍 비자림로 2270, 제1동 1층","발루다(주) 제주특별자치도 제주시 구좌읍 비자림로 2270, 제1동 1층",평대리 3204-3,"비자림로 2270,",126.811411228,33.495951124
283,도어스오픈,2022-06-16,영업,제주특별자치도 제주시 구좌읍 평대리 2895-1,"제주특별자치도 제주시 구좌읍 비자림로 2281-43, 1층","도어스오픈 제주특별자치도 제주시 구좌읍 비자림로 2281-43, 1층",평대리 2895-1,"비자림로 2281-43,",126.815910792,33.498066333
284,아는스튜디오카페,2022-04-28,영업,제주특별자치도 제주시 구좌읍 월정리 23,"제주특별자치도 제주시 구좌읍 월정7길 28-15, 2층","아는스튜디오카페 제주특별자치도 제주시 구좌읍 월정7길 28-15, 2층",월정리 23,"월정7길 28-15,",126.797541370,33.554509848
285,해녀삼춘,2022-06-20,영업,제주특별자치도 제주시 구좌읍 김녕리 4074-2,"제주특별자치도 제주시 구좌읍 김녕항1길 50-11, 2층","해녀삼춘 제주특별자치도 제주시 구좌읍 김녕항1길 50-11, 2층",김녕리 4074-2,"김녕항1길 50-11,",126.740409552,33.558192973
286,델문도커피김녕,2022-05-27,영업,제주특별자치도 제주시 구좌읍 김녕리 462-15,"제주특별자치도 제주시 구좌읍 해맞이해안로 140, 1~2층","델문도커피김녕 제주특별자치도 제주시 구좌읍 해맞이해안로 140, 1~2층",김녕리 462-15,"해맞이해안로 140,",126.768400063,33.563401664
287,카페치즈태비,2022-05-06,영업,제주특별자치도 제주시 구좌읍 행원리 610,"제주특별자치도 제주시 구좌읍 행원로7길 18-9, 가~나동","카페치즈태비 제주특별자치도 제주시 구좌읍 행원로7길 18-9, 가~나동",행원리 610,"행원로7길 18-9,",126.807868335,33.555148206
288,오쿠당,2022-06-29,영업,제주특별자치도 제주시 구좌읍 월정리 728,"제주특별자치도 제주시 구좌읍 월정1길 101, 1층","오쿠당 제주특별자치도 제주시 구좌읍 월정1길 101, 1층",월정리 728,"월정1길 101,",126.792188921,33.559118736
289,여유공간,2022-06-21,영업,제주특별자치도 제주시 구좌읍 월정리 364-1,"제주특별자치도 제주시 구좌읍 월정중길 23, 1층","여유공간 제주특별자치도 제주시 구좌읍 월정중길 23, 1층",월정리 364-1,"월정중길 23,",126.791947788,33.557344180
290,지에스25제주한동점,2023-09-19,영업,제주특별자치도 제주시 구좌읍 한동리 1196-3,"제주특별자치도 제주시 구좌읍 일주동로 2841, 1층","지에스25제주한동점 제주특별자치도 제주시 구좌읍 일주동로 2841, 1층",한동리 1196-3,"일주동로 2841,",126.829247105,33.537512709
291,송당산들네,2023-09-18,영업,제주특별자치도 제주시 구좌읍 송당리 2616,"제주특별자치도 제주시 구좌읍 대천서길 11-8, 1층","송당산들네 제주특별자치도 제주시 구좌읍 대천서길 11-8, 1층",송당리 2616,"대천서길 11-8,",126.733835985,33.435418284
292,포레스텔라인제주,2023-09-27,영업,제주특별자치도 제주시 구좌읍 송당리 2653-4,"제주특별자치도 제주시 구좌읍 번영로 2132-6, 1~2층","포레스텔라인제주 제주특별자치도 제주시 구좌읍 번영로 2132-6, 1~2층",송당리 2653-4,"번영로 2132-6,",126.746586390,33.430810639
